ticker,exchange
AACG,NASDAQ
AAL,NASDAQ
AAME,NASDAQ
AAOI,NASDAQ
AAON,NASDAQ
AAPG,NASDAQ
AAPL,NASDAQ
AARD,NASDAQ
AAVM,NASDAQ
ABAT,NASDAQ
ABCL,NASDAQ
ABEO,NASDAQ
ABL,NASDAQ
ABLLW,NASDAQ
ABLV,NASDAQ
ABNB,NASDAQ
ABOS,NASDAQ
ABP,NASDAQ
ABSI,NASDAQ
ABTS,NASDAQ
ABUS,NASDAQ
ABVC,NASDAQ
ABVE,NASDAQ
ABVEW,NASDAQ
ABVX,NASDAQ
ACAD,NASDAQ
ACB,NASDAQ
ACCD,NASDAQ
ACDC,NASDAQ
ACET,NASDAQ
ACGL,NASDAQ
ACHC,NASDAQ
ACHV,NASDAQ
ACIC,NASDAQ
ACIU,NASDAQ
ACIW,NASDAQ
ACLS,NASDAQ
ACLX,NASDAQ
ACMR,NASDAQ
ACNB,NASDAQ
ACNT,NASDAQ
ACOG,NASDAQ
ACON,NASDAQ
ACONW,NASDAQ
ACRS,NASDAQ
ACRV,NASDAQ
ACT,NASDAQ
ACTG,NASDAQ
ACTU,NASDAQ
ACXP,NASDAQ
ADAG,NASDAQ
ADAP,NASDAQ
ADBE,NASDAQ
ADD,NASDAQ
ADEA,NASDAQ
ADGM,NASDAQ
ADI,NASDAQ
ADIL,NASDAQ
ADMA,NASDAQ
ADN,NASDAQ
ADP,NASDAQ
ADPT,NASDAQ
ADSE,NASDAQ
ADSEW,NASDAQ
ADSK,NASDAQ
ADTN,NASDAQ
ADTX,NASDAQ
ADUR,NASDAQ
ADUS,NASDAQ
ADV,NASDAQ
ADVB,NASDAQ
ADVM,NASDAQ
ADXN,NASDAQ
AEHL,NASDAQ
AEHR,NASDAQ
AEI,NASDAQ
AEIS,NASDAQ
AEMD,NASDAQ
AENT,NASDAQ
AENTW,NASDAQ
AEP,NASDAQ
AERT,NASDAQ
AEVA,NASDAQ
AEYE,NASDAQ
AFBI,NASDAQ
AFCG,NASDAQ
AFJK,NASDAQ
AFJKR,NASDAQ
AFJKU,NASDAQ
AFMD,NASDAQ
AFRI,NASDAQ
AFRM,NASDAQ
AFYA,NASDAQ
AGAE,NASDAQ
AGEN,NASDAQ
AGFY,NASDAQ
AGH,NASDAQ
AGIO,NASDAQ
AGMH,NASDAQ
AGNC,NASDAQ
AGRI,NASDAQ
AGYS,NASDAQ
AHCO,NASDAQ
AHG,NASDAQ
AIEV,NASDAQ
AIFE,NASDAQ
AIFER,NASDAQ
AIFEU,NASDAQ
AIFF,NASDAQ
AIFU,NASDAQ
AIHS,NASDAQ
AIMAU,NASDAQ
AIMAW,NASDAQ
AIMBU,NASDAQ
AIMD,NASDAQ
AIOT,NASDAQ
AIP,NASDAQ
AIRE,NASDAQ
AIRG,NASDAQ
AIRJ,NASDAQ
AIRS,NASDAQ
AIRT,NASDAQ
AIRTP,NASDAQ
AISP,NASDAQ
AITR,NASDAQ
AITRR,NASDAQ
AITRU,NASDAQ
AIXI,NASDAQ
AKAM,NASDAQ
AKAN,NASDAQ
AKBA,NASDAQ
AKRO,NASDAQ
AKTX,NASDAQ
AKYA,NASDAQ
ALAB,NASDAQ
ALAR,NASDAQ
ALBT,NASDAQ
ALCO,NASDAQ
ALCY,NASDAQ
ALCYU,NASDAQ
ALDF,NASDAQ
ALDFU,NASDAQ
ALDX,NASDAQ
ALEC,NASDAQ
ALF,NASDAQ
ALFUU,NASDAQ
ALFUW,NASDAQ
ALGM,NASDAQ
ALGN,NASDAQ
ALGS,NASDAQ
ALGT,NASDAQ
ALHC,NASDAQ
ALKS,NASDAQ
ALKT,NASDAQ
ALLK,NASDAQ
ALLO,NASDAQ
ALLR,NASDAQ
ALLT,NASDAQ
ALMS,NASDAQ
ALMU,NASDAQ
ALNT,NASDAQ
ALNY,NASDAQ
ALOT,NASDAQ
ALRM,NASDAQ
ALRS,NASDAQ
ALT,NASDAQ
ALTI,NASDAQ
ALTO,NASDAQ
ALTS,NASDAQ
ALVO,NASDAQ
ALXO,NASDAQ
ALZN,NASDAQ
AMAL,NASDAQ
AMAT,NASDAQ
AMBA,NASDAQ
AMBR,NASDAQ
AMCX,NASDAQ
AMD,NASDAQ
AMED,NASDAQ
AMGN,NASDAQ
AMIX,NASDAQ
AMKR,NASDAQ
AMLX,NASDAQ
AMOD,NASDAQ
AMPG,NASDAQ
AMPH,NASDAQ
AMPL,NASDAQ
AMRK,NASDAQ
AMRN,NASDAQ
AMRX,NASDAQ
AMSC,NASDAQ
AMSF,NASDAQ
AMST,NASDAQ
AMTX,NASDAQ
AMWD,NASDAQ
AMZN,NASDAQ
ANAB,NASDAQ
ANDE,NASDAQ
ANEB,NASDAQ
ANGH,NASDAQ
ANGI,NASDAQ
ANGO,NASDAQ
ANIK,NASDAQ
ANIP,NASDAQ
ANIX,NASDAQ
ANL,NASDAQ
ANNA,NASDAQ
ANNAW,NASDAQ
ANNX,NASDAQ
ANSC,NASDAQ
ANSCU,NASDAQ
ANSS,NASDAQ
ANTE,NASDAQ
ANTX,NASDAQ
ANY,NASDAQ
AOSL,NASDAQ
AOUT,NASDAQ
APA,NASDAQ
APCX,NASDAQ
APDN,NASDAQ
APEI,NASDAQ
APGE,NASDAQ
API,NASDAQ
APLD,NASDAQ
APLM,NASDAQ
APLMW,NASDAQ
APLS,NASDAQ
APLT,NASDAQ
APM,NASDAQ
APOG,NASDAQ
APP,NASDAQ
APPF,NASDAQ
APPN,NASDAQ
APPS,NASDAQ
APRE,NASDAQ
APTO,NASDAQ
APVO,NASDAQ
APWC,NASDAQ
APYX,NASDAQ
AQB,NASDAQ
AQMS,NASDAQ
AQST,NASDAQ
ARAY,NASDAQ
ARBB,NASDAQ
ARBE,NASDAQ
ARBEW,NASDAQ
ARBK,NASDAQ
ARBKL,NASDAQ
ARCB,NASDAQ
ARCC,NASDAQ
ARCT,NASDAQ
ARDX,NASDAQ
AREB,NASDAQ
AREBW,NASDAQ
AREC,NASDAQ
ARGX,NASDAQ
ARHS,NASDAQ
ARKO,NASDAQ
ARKR,NASDAQ
ARLP,NASDAQ
ARM,NASDAQ
AROW,NASDAQ
ARQ,NASDAQ
ARQQ,NASDAQ
ARQQW,NASDAQ
ARQT,NASDAQ
ARRY,NASDAQ
ARTL,NASDAQ
ARTNA,NASDAQ
ARTV,NASDAQ
ARTW,NASDAQ
ARVN,NASDAQ
ARWR,NASDAQ
ASBP,NASDAQ
ASBPW,NASDAQ
ASLE,NASDAQ
ASMB,NASDAQ
ASML,NASDAQ
ASND,NASDAQ
ASNS,NASDAQ
ASO,NASDAQ
ASPC,NASDAQ
ASPCR,NASDAQ
ASPCU,NASDAQ
ASPI,NASDAQ
ASPS,NASDAQ
ASRT,NASDAQ
ASRV,NASDAQ
ASST,NASDAQ
ASTC,NASDAQ
ASTE,NASDAQ
ASTH,NASDAQ
ASTI,NASDAQ
ASTL,NASDAQ
ASTS,NASDAQ
ASUR,NASDAQ
ASYS,NASDAQ
ATAI,NASDAQ
ATAT,NASDAQ
ATCOL,NASDAQ
ATEC,NASDAQ
ATER,NASDAQ
ATEX,NASDAQ
ATGL,NASDAQ
ATHA,NASDAQ
ATHE,NASDAQ
ATIIU,NASDAQ
ATLC,NASDAQ
ATLCL,NASDAQ
ATLN,NASDAQ
ATLO,NASDAQ
ATLX,NASDAQ
ATMC,NASDAQ
ATMCR,NASDAQ
ATMCU,NASDAQ
ATMV,NASDAQ
ATMVR,NASDAQ
ATMVU,NASDAQ
ATNF,NASDAQ
ATNI,NASDAQ
ATOM,NASDAQ
ATOS,NASDAQ
ATPC,NASDAQ
ATRA,NASDAQ
ATRC,NASDAQ
ATRO,NASDAQ
ATSG,NASDAQ
ATXG,NASDAQ
ATXS,NASDAQ
ATYR,NASDAQ
AUBN,NASDAQ
AUDC,NASDAQ
AUID,NASDAQ
AUPH,NASDAQ
AUR,NASDAQ
AURA,NASDAQ
AUTL,NASDAQ
AUUD,NASDAQ
AVAH,NASDAQ
AVAV,NASDAQ
AVBP,NASDAQ
AVDL,NASDAQ
AVDX,NASDAQ
AVGO,NASDAQ
AVIR,NASDAQ
AVNW,NASDAQ
AVO,NASDAQ
AVPT,NASDAQ
AVPTW,NASDAQ
AVR,NASDAQ
AVT,NASDAQ
AVTE,NASDAQ
AVTX,NASDAQ
AVXL,NASDAQ
AWH,NASDAQ
AWRE,NASDAQ
AXDX,NASDAQ
AXGN,NASDAQ
AXON,NASDAQ
AXSM,NASDAQ
AXTI,NASDAQ
AYRO,NASDAQ
AYTU,NASDAQ
AZ,NASDAQ
AZI,NASDAQ
AZN,NASDAQ
AZTA,NASDAQ
BACQ,NASDAQ
BACQR,NASDAQ
BACQU,NASDAQ
BAER,NASDAQ
BAFN,NASDAQ
BAND,NASDAQ
BANF,NASDAQ
BANFP,NASDAQ
BANL,NASDAQ
BANR,NASDAQ
BANX,NASDAQ
BAOS,NASDAQ
BASE,NASDAQ
BATRA,NASDAQ
BATRK,NASDAQ
BAYA,NASDAQ
BAYAR,NASDAQ
BAYAU,NASDAQ
BBCP,NASDAQ
BBGI,NASDAQ
BBIO,NASDAQ
BBLG,NASDAQ
BBNX,NASDAQ
BBSI,NASDAQ
BCAB,NASDAQ
BCAL,NASDAQ
BCAX,NASDAQ
BCBP,NASDAQ
BCDA,NASDAQ
BCG,NASDAQ
BCLI,NASDAQ
BCML,NASDAQ
BCPC,NASDAQ
BCRX,NASDAQ
BCTX,NASDAQ
BCTXW,NASDAQ
BCYC,NASDAQ
BDMD,NASDAQ
BDRX,NASDAQ
BDSX,NASDAQ
BDTX,NASDAQ
BEAG,NASDAQ
BEAGR,NASDAQ
BEAGU,NASDAQ
BEAM,NASDAQ
BEAT,NASDAQ
BEATW,NASDAQ
BECN,NASDAQ
BEEM,NASDAQ
BEEZ,NASDAQ
BELFA,NASDAQ
BELFB,NASDAQ
BELT,NASDAQ
BENF,NASDAQ
BETR,NASDAQ
BFC,NASDAQ
BFIN,NASDAQ
BFRG,NASDAQ
BFRI,NASDAQ
BFRIW,NASDAQ
BFST,NASDAQ
BGC,NASDAQ
BGFV,NASDAQ
BGLC,NASDAQ
BGM,NASDAQ
BHAT,NASDAQ
BHF,NASDAQ
BHFAL,NASDAQ
BHRB,NASDAQ
BHST,NASDAQ
BIAF,NASDAQ
BIAFW,NASDAQ
BIDU,NASDAQ
BIGC,NASDAQ
BIIB,NASDAQ
BILI,NASDAQ
BIOA,NASDAQ
BIOX,NASDAQ
BIRD,NASDAQ
BIS,NASDAQ
BITF,NASDAQ
BIVI,NASDAQ
BIYA,NASDAQ
BJDX,NASDAQ
BJRI,NASDAQ
BKHA,NASDAQ
BKHAR,NASDAQ
BKHAU,NASDAQ
BKIV,NASDAQ
BKNG,NASDAQ
BKR,NASDAQ
BKYI,NASDAQ
BL,NASDAQ
BLBD,NASDAQ
BLBX,NASDAQ
BLDE,NASDAQ
BLDP,NASDAQ
BLFS,NASDAQ
BLFY,NASDAQ
BLIN,NASDAQ
BLKB,NASDAQ
BLMN,NASDAQ
BLMZ,NASDAQ
BLNE,NASDAQ
BLNK,NASDAQ
BLRX,NASDAQ
BLTE,NASDAQ
BLUE,NASDAQ
BLZE,NASDAQ
BMBL,NASDAQ
BMEA,NASDAQ
BMGL,NASDAQ
BMR,NASDAQ
BMRA,NASDAQ
BMRC,NASDAQ
BMRN,NASDAQ
BNAI,NASDAQ
BNAIW,NASDAQ
BNGO,NASDAQ
BNR,NASDAQ
BNRG,NASDAQ
BNTC,NASDAQ
BNTX,NASDAQ
BNZI,NASDAQ
BOF,NASDAQ
BOKF,NASDAQ
BOLD,NASDAQ
BOLT,NASDAQ
BON,NASDAQ
BOOM,NASDAQ
BOSC,NASDAQ
BOTJ,NASDAQ
BOWN,NASDAQ
BOWNR,NASDAQ
BOWNU,NASDAQ
BOXL,NASDAQ
BPMC,NASDAQ
BPOP,NASDAQ
BPRN,NASDAQ
BRAG,NASDAQ
BREA,NASDAQ
BRFH,NASDAQ
BRID,NASDAQ
BRKL,NASDAQ
BRKR,NASDAQ
BRLS,NASDAQ
BRLT,NASDAQ
BRNS,NASDAQ
BROG,NASDAQ
BRTX,NASDAQ
BRY,NASDAQ
BRZE,NASDAQ
BSBK,NASDAQ
BSET,NASDAQ
BSGM,NASDAQ
BSII,NASDAQ
BSIIU,NASDAQ
BSIIW,NASDAQ
BSLK,NASDAQ
BSLKW,NASDAQ
BSRR,NASDAQ
BSVN,NASDAQ
BSY,NASDAQ
BTAI,NASDAQ
BTBD,NASDAQ
BTBDW,NASDAQ
BTBT,NASDAQ
BTCS,NASDAQ
BTCT,NASDAQ
BTDR,NASDAQ
BTFX,NASDAQ
BTM,NASDAQ
BTMD,NASDAQ
BTMWW,NASDAQ
BTOC,NASDAQ
BTOG,NASDAQ
BTSG,NASDAQ
BTSGU,NASDAQ
BUFC,NASDAQ
BUG,NASDAQ
BUJA,NASDAQ
BUJAR,NASDAQ
BUJAU,NASDAQ
BULD,NASDAQ
BUSE,NASDAQ
BVFL,NASDAQ
BVS,NASDAQ
BWAY,NASDAQ
BWB,NASDAQ
BWEN,NASDAQ
BWFG,NASDAQ
BWIN,NASDAQ
BWMN,NASDAQ
BYFC,NASDAQ
BYND,NASDAQ
BYRN,NASDAQ
BYSI,NASDAQ
BZ,NASDAQ
BZAI,NASDAQ
BZFD,NASDAQ
BZFDW,NASDAQ
BZUN,NASDAQ
CAAS,NASDAQ
CABA,NASDAQ
CAC,NASDAQ
CACC,NASDAQ
CADL,NASDAQ
CAKE,NASDAQ
CALC,NASDAQ
CALM,NASDAQ
CAMP,NASDAQ
CAMT,NASDAQ
CAN,NASDAQ
CAPN,NASDAQ
CAPNR,NASDAQ
CAPNU,NASDAQ
CAPR,NASDAQ
CAPS,NASDAQ
CAPT,NASDAQ
CAPTW,NASDAQ
CAR,NASDAQ
CARA,NASDAQ
CARE,NASDAQ
CARG,NASDAQ
CARM,NASDAQ
CART,NASDAQ
CARV,NASDAQ
CASH,NASDAQ
CASI,NASDAQ
CASK,NASDAQ
CASS,NASDAQ
CASY,NASDAQ
CATY,NASDAQ
CBAT,NASDAQ
CBFV,NASDAQ
CBLL,NASDAQ
CBNK,NASDAQ
CBRL,NASDAQ
CBSH,NASDAQ
CBUS,NASDAQ
CCAP,NASDAQ
CCB,NASDAQ
CCBG,NASDAQ
CCCC,NASDAQ
CCCS,NASDAQ
CCD,NASDAQ
CCEC,NASDAQ
CCEP,NASDAQ
CCG,NASDAQ
CCGWW,NASDAQ
CCIR,NASDAQ
CCIRU,NASDAQ
CCIRW,NASDAQ
CCIX,NASDAQ
CCIXU,NASDAQ
CCLD,NASDAQ
CCLDO,NASDAQ
CCNE,NASDAQ
CCNR,NASDAQ
CCOI,NASDAQ
CCRN,NASDAQ
CCSI,NASDAQ
CCTG,NASDAQ
CDIO,NASDAQ
CDIOW,NASDAQ
CDLX,NASDAQ
CDNA,NASDAQ
CDNS,NASDAQ
CDRO,NASDAQ
CDROW,NASDAQ
CDT,NASDAQ
CDTG,NASDAQ
CDTTW,NASDAQ
CDTX,NASDAQ
CDW,NASDAQ
CDXS,NASDAQ
CDZI,NASDAQ
CDZIP,NASDAQ
CEAD,NASDAQ
CECO,NASDAQ
CEG,NASDAQ
CELC,NASDAQ
CELH,NASDAQ
CELU,NASDAQ
CELUW,NASDAQ
CELZ,NASDAQ
CENN,NASDAQ
CENT,NASDAQ
CENTA,NASDAQ
CENX,NASDAQ
CEP,NASDAQ
CEPO,NASDAQ
CERO,NASDAQ
CEROW,NASDAQ
CERS,NASDAQ
CERT,NASDAQ
CETX,NASDAQ
CETY,NASDAQ
CEVA,NASDAQ
CFBK,NASDAQ
CFFI,NASDAQ
CFFN,NASDAQ
CFLT,NASDAQ
CFSB,NASDAQ
CG,NASDAQ
CGBD,NASDAQ
CGBS,NASDAQ
CGC,NASDAQ
CGEM,NASDAQ
CGEN,NASDAQ
CGNT,NASDAQ
CGNX,NASDAQ
CGO,NASDAQ
CGON,NASDAQ
CGTL,NASDAQ
CGTX,NASDAQ
CHAR,NASDAQ
CHARR,NASDAQ
CHARU,NASDAQ
CHCI,NASDAQ
CHCO,NASDAQ
CHDN,NASDAQ
CHEF,NASDAQ
CHEK,NASDAQ
CHI,NASDAQ
CHKP,NASDAQ
CHMG,NASDAQ
CHNR,NASDAQ
CHPS,NASDAQ
CHR,NASDAQ
CHRD,NASDAQ
CHRS,NASDAQ
CHRW,NASDAQ
CHSN,NASDAQ
CHTR,NASDAQ
CHW,NASDAQ
CHX,NASDAQ
CHY,NASDAQ
CIFR,NASDAQ
CIFRW,NASDAQ
CIGI,NASDAQ
CINF,NASDAQ
CING,NASDAQ
CINGW,NASDAQ
CISO,NASDAQ
CISS,NASDAQ
CIVB,NASDAQ
CJET,NASDAQ
CJMB,NASDAQ
CKPT,NASDAQ
CLAR,NASDAQ
CLBK,NASDAQ
CLBT,NASDAQ
CLDX,NASDAQ
CLEU,NASDAQ
CLFD,NASDAQ
CLGN,NASDAQ
CLIK,NASDAQ
CLIR,NASDAQ
CLLS,NASDAQ
CLMB,NASDAQ
CLMT,NASDAQ
CLNE,NASDAQ
CLNN,NASDAQ
CLOA,NASDAQ
CLOD,NASDAQ
CLOV,NASDAQ
CLPS,NASDAQ
CLPT,NASDAQ
CLRB,NASDAQ
CLRC,NASDAQ
CLRCR,NASDAQ
CLRCU,NASDAQ
CLRO,NASDAQ
CLSD,NASDAQ
CLSK,NASDAQ
CLSKW,NASDAQ
CLSM,NASDAQ
CLST,NASDAQ
CLWT,NASDAQ
CLYM,NASDAQ
CMBM,NASDAQ
CMCO,NASDAQ
CMCSA,NASDAQ
CMCT,NASDAQ
CME,NASDAQ
CMLS,NASDAQ
CMMB,NASDAQ
CMND,NASDAQ
CMPO,NASDAQ
CMPOW,NASDAQ
CMPR,NASDAQ
CMPS,NASDAQ
CMPX,NASDAQ
CMRX,NASDAQ
CMTL,NASDAQ
CNCK,NASDAQ
CNDT,NASDAQ
CNET,NASDAQ
CNEY,NASDAQ
CNFR,NASDAQ
CNFRZ,NASDAQ
CNOB,NASDAQ
CNSP,NASDAQ
CNTA,NASDAQ
CNTB,NASDAQ
CNTM,NASDAQ
CNTX,NASDAQ
CNTY,NASDAQ
CNVS,NASDAQ
CNXC,NASDAQ
CNXN,NASDAQ
COCH,NASDAQ
COCO,NASDAQ
COCP,NASDAQ
CODA,NASDAQ
CODX,NASDAQ
COEP,NASDAQ
COFS,NASDAQ
COGT,NASDAQ
COHU,NASDAQ
COIN,NASDAQ
COKE,NASDAQ
COLA,NASDAQ
COLAR,NASDAQ
COLAU,NASDAQ
COLB,NASDAQ
COLL,NASDAQ
COLM,NASDAQ
COMM,NASDAQ
COO,NASDAQ
COOP,NASDAQ
COOT,NASDAQ
CORT,NASDAQ
CORZ,NASDAQ
CORZW,NASDAQ
CORZZ,NASDAQ
COSM,NASDAQ
COST,NASDAQ
COYA,NASDAQ
CPB,NASDAQ
CPBI,NASDAQ
CPHC,NASDAQ
CPIX,NASDAQ
CPOP,NASDAQ
CPRT,NASDAQ
CPRX,NASDAQ
CPSH,NASDAQ
CPSS,NASDAQ
CPZ,NASDAQ
CRAI,NASDAQ
CRBP,NASDAQ
CRBU,NASDAQ
CRCT,NASDAQ
CRDF,NASDAQ
CRDL,NASDAQ
CRDO,NASDAQ
CREG,NASDAQ
CRESY,NASDAQ
CREV,NASDAQ
CREX,NASDAQ
CRGO,NASDAQ
CRGOW,NASDAQ
CRGX,NASDAQ
CRIS,NASDAQ
CRMD,NASDAQ
CRML,NASDAQ
CRMT,NASDAQ
CRNC,NASDAQ
CRNT,NASDAQ
CRNX,NASDAQ
CRON,NASDAQ
CROX,NASDAQ
CRSP,NASDAQ
CRSR,NASDAQ
CRTO,NASDAQ
CRUS,NASDAQ
CRVL,NASDAQ
CRVO,NASDAQ
CRVS,NASDAQ
CRWD,NASDAQ
CRWS,NASDAQ
CRWV,NASDAQ
CSAI,NASDAQ
CSBR,NASDAQ
CSCI,NASDAQ
CSCO,NASDAQ
CSGP,NASDAQ
CSGS,NASDAQ
CSIQ,NASDAQ
CSLR,NASDAQ
CSPI,NASDAQ
CSQ,NASDAQ
CSTE,NASDAQ
CSTL,NASDAQ
CSWC,NASDAQ
CSWI,NASDAQ
CSX,NASDAQ
CTAS,NASDAQ
CTBI,NASDAQ
CTHR,NASDAQ
CTKB,NASDAQ
CTLP,NASDAQ
CTMX,NASDAQ
CTNM,NASDAQ
CTNT,NASDAQ
CTOR,NASDAQ
CTRM,NASDAQ
CTRN,NASDAQ
CTSH,NASDAQ
CTSO,NASDAQ
CTXR,NASDAQ
CUB,NASDAQ
CUBA,NASDAQ
CUBWU,NASDAQ
CUBWW,NASDAQ
CUE,NASDAQ
CURI,NASDAQ
CURR,NASDAQ
CVAC,NASDAQ
CVBF,NASDAQ
CVCO,NASDAQ
CVGI,NASDAQ
CVGW,NASDAQ
CVKD,NASDAQ
CVLT,NASDAQ
CVRX,NASDAQ
CVV,NASDAQ
CWBC,NASDAQ
CWCO,NASDAQ
CWD,NASDAQ
CWST,NASDAQ
CXAI,NASDAQ
CXDO,NASDAQ
CYBR,NASDAQ
CYCC,NASDAQ
CYCCP,NASDAQ
CYCN,NASDAQ
CYCU,NASDAQ
CYCUW,NASDAQ
CYN,NASDAQ
CYRX,NASDAQ
CYTK,NASDAQ
CZFS,NASDAQ
CZNC,NASDAQ
CZR,NASDAQ
CZWI,NASDAQ
DADA,NASDAQ
DAIO,NASDAQ
DAKT,NASDAQ
DALI,NASDAQ
DALN,NASDAQ
DARE,NASDAQ
DASH,NASDAQ
DATS,NASDAQ
DAVE,NASDAQ
DAWN,NASDAQ
DBVT,NASDAQ
DBX,NASDAQ
DCBO,NASDAQ
DCGO,NASDAQ
DCOM,NASDAQ
DCTH,NASDAQ
DDI,NASDAQ
DDOG,NASDAQ
DECA,NASDAQ
DECAU,NASDAQ
DECAW,NASDAQ
DENN,NASDAQ
DERM,NASDAQ
DEVS,NASDAQ
DFLI,NASDAQ
DFLIW,NASDAQ
DGICA,NASDAQ
DGICB,NASDAQ
DGII,NASDAQ
DGLY,NASDAQ
DGNX,NASDAQ
DGXX,NASDAQ
DH,NASDAQ
DHAI,NASDAQ
DHC,NASDAQ
DHIL,NASDAQ
DIBS,NASDAQ
DIOD,NASDAQ
DIST,NASDAQ
DISTR,NASDAQ
DISTW,NASDAQ
DJCO,NASDAQ
DJT,NASDAQ
DKNG,NASDAQ
DLHC,NASDAQ
DLO,NASDAQ
DLPN,NASDAQ
DLTH,NASDAQ
DLTR,NASDAQ
DMAA,NASDAQ
DMAAR,NASDAQ
DMAAU,NASDAQ
DMAC,NASDAQ
DMLP,NASDAQ
DMN,NASDAQ
DMRC,NASDAQ
DNLI,NASDAQ
DNTH,NASDAQ
DNUT,NASDAQ
DOCU,NASDAQ
DOGZ,NASDAQ
DOMH,NASDAQ
DOMO,NASDAQ
DOOO,NASDAQ
DORM,NASDAQ
DOX,NASDAQ
DOYU,NASDAQ
DPRO,NASDAQ
DPZ,NASDAQ
DRCT,NASDAQ
DRDB,NASDAQ
DRDBU,NASDAQ
DRDBW,NASDAQ
DRIO,NASDAQ
DRMA,NASDAQ
DRRX,NASDAQ
DRS,NASDAQ
DRTS,NASDAQ
DRUG,NASDAQ
DRVN,NASDAQ
DSGN,NASDAQ
DSGR,NASDAQ
DSGX,NASDAQ
DSP,NASDAQ
DSWL,NASDAQ
DSY,NASDAQ
DSYWW,NASDAQ
DTCK,NASDAQ
DTI,NASDAQ
DTIL,NASDAQ
DTSQ,NASDAQ
DTSQR,NASDAQ
DTSQU,NASDAQ
DTSS,NASDAQ
DTST,NASDAQ
DUKH,NASDAQ
DUO,NASDAQ
DUOL,NASDAQ
DUOT,NASDAQ
DVAX,NASDAQ
DVLT,NASDAQ
DVOL,NASDAQ
DVY,NASDAQ
DWSN,NASDAQ
DWTX,NASDAQ
DXCM,NASDAQ
DXLG,NASDAQ
DXPE,NASDAQ
DXR,NASDAQ
DXST,NASDAQ
DYAI,NASDAQ
DYCQ,NASDAQ
DYCQR,NASDAQ
DYCQU,NASDAQ
DYN,NASDAQ
DYNI,NASDAQ
DYNX,NASDAQ
DYNXU,NASDAQ
EA,NASDAQ
EBAY,NASDAQ
EBC,NASDAQ
EBMT,NASDAQ
EBON,NASDAQ
EBTC,NASDAQ
ECBK,NASDAQ
ECDA,NASDAQ
ECDAW,NASDAQ
ECOR,NASDAQ
ECOW,NASDAQ
ECPG,NASDAQ
ECX,NASDAQ
EDAP,NASDAQ
EDBL,NASDAQ
EDBLW,NASDAQ
EDIT,NASDAQ
EDRY,NASDAQ
EDSA,NASDAQ
EDTK,NASDAQ
EDUC,NASDAQ
EEFT,NASDAQ
EEIQ,NASDAQ
EFOI,NASDAQ
EFSC,NASDAQ
EFSI,NASDAQ
EGAN,NASDAQ
EGBN,NASDAQ
EGHT,NASDAQ
EH,NASDAQ
EHGO,NASDAQ
EHLD,NASDAQ
EHTH,NASDAQ
EJH,NASDAQ
EKSO,NASDAQ
ELAB,NASDAQ
ELBM,NASDAQ
ELDN,NASDAQ
ELEV,NASDAQ
ELPW,NASDAQ
ELSE,NASDAQ
ELTK,NASDAQ
ELTX,NASDAQ
ELUT,NASDAQ
ELVA,NASDAQ
ELVN,NASDAQ
ELWS,NASDAQ
EM,NASDAQ
EMBC,NASDAQ
EMCG,NASDAQ
EMCGR,NASDAQ
EMCGU,NASDAQ
EMCGW,NASDAQ
EML,NASDAQ
ENGN,NASDAQ
ENGS,NASDAQ
ENLT,NASDAQ
ENLV,NASDAQ
ENPH,NASDAQ
ENSC,NASDAQ
ENSG,NASDAQ
ENTA,NASDAQ
ENTG,NASDAQ
ENTO,NASDAQ
ENTX,NASDAQ
ENVB,NASDAQ
ENVX,NASDAQ
EOLS,NASDAQ
EOSE,NASDAQ
EOSEW,NASDAQ
EPIX,NASDAQ
EPOW,NASDAQ
EPRX,NASDAQ
EPSM,NASDAQ
EPSN,NASDAQ
EPWK,NASDAQ
EQ,NASDAQ
EQIX,NASDAQ
ERAS,NASDAQ
ERIC,NASDAQ
ERIE,NASDAQ
ERII,NASDAQ
ERNA,NASDAQ
ESCA,NASDAQ
ESEA,NASDAQ
ESGL,NASDAQ
ESGR,NASDAQ
ESHA,NASDAQ
ESHAR,NASDAQ
ESLA,NASDAQ
ESLAW,NASDAQ
ESLT,NASDAQ
ESOA,NASDAQ
ESPR,NASDAQ
ESQ,NASDAQ
ESSA,NASDAQ
ESTA,NASDAQ
ETHA,NASDAQ
ETNB,NASDAQ
ETON,NASDAQ
ETSY,NASDAQ
EU,NASDAQ
EUDA,NASDAQ
EUDAW,NASDAQ
EURK,NASDAQ
EURKR,NASDAQ
EURKU,NASDAQ
EVAX,NASDAQ
EVCM,NASDAQ
EVER,NASDAQ
EVGN,NASDAQ
EVGO,NASDAQ
EVLV,NASDAQ
EVO,NASDAQ
EVOK,NASDAQ
EVRG,NASDAQ
EVTV,NASDAQ
EWBC,NASDAQ
EWCZ,NASDAQ
EWTX,NASDAQ
EXAS,NASDAQ
EXC,NASDAQ
EXE,NASDAQ
EXEL,NASDAQ
EXFY,NASDAQ
EXLS,NASDAQ
EXOZ,NASDAQ
EXPE,NASDAQ
EXPI,NASDAQ
EXPO,NASDAQ
EXTR,NASDAQ
EYE,NASDAQ
EYEN,NASDAQ
EYPT,NASDAQ
EZGO,NASDAQ
EZPW,NASDAQ
FA,NASDAQ
FAAS,NASDAQ
FAASW,NASDAQ
FAB,NASDAQ
FACT,NASDAQ
FACTU,NASDAQ
FAD,NASDAQ
FAMI,NASDAQ
FANG,NASDAQ
FARM,NASDAQ
FARO,NASDAQ
FAST,NASDAQ
FAT,NASDAQ
FATBB,NASDAQ
FATBP,NASDAQ
FATBW,NASDAQ
FATE,NASDAQ
FBGL,NASDAQ
FBIO,NASDAQ
FBIZ,NASDAQ
FBLA,NASDAQ
FBLG,NASDAQ
FBNC,NASDAQ
FBRX,NASDAQ
FBYD,NASDAQ
FBYDW,NASDAQ
FCAP,NASDAQ
FCBC,NASDAQ
FCCO,NASDAQ
FCEL,NASDAQ
FCFS,NASDAQ
FCNCA,NASDAQ
FCNCO,NASDAQ
FCUV,NASDAQ
FDBC,NASDAQ
FDMT,NASDAQ
FDSB,NASDAQ
FDUS,NASDAQ
FEAM,NASDAQ
FEBO,NASDAQ
FEIM,NASDAQ
FELE,NASDAQ
FEM,NASDAQ
FEMY,NASDAQ
FENC,NASDAQ
FER,NASDAQ
FERAU,NASDAQ
FFAI,NASDAQ
FFBC,NASDAQ
FFIC,NASDAQ
FFIN,NASDAQ
FFIV,NASDAQ
FFNW,NASDAQ
FGBI,NASDAQ
FGEN,NASDAQ
FGF,NASDAQ
FGI,NASDAQ
FGL,NASDAQ
FGMC,NASDAQ
FGMCR,NASDAQ
FGMCU,NASDAQ
FHB,NASDAQ
FHTX,NASDAQ
FIBK,NASDAQ
FINE,NASDAQ
FINW,NASDAQ
FIP,NASDAQ
FISI,NASDAQ
FITB,NASDAQ
FITBI,NASDAQ
FIVE,NASDAQ
FIVN,NASDAQ
FIZZ,NASDAQ
FKWL,NASDAQ
FLD,NASDAQ
FLEX,NASDAQ
FLGC,NASDAQ
FLGT,NASDAQ
FLIC,NASDAQ
FLL,NASDAQ
FLNC,NASDAQ
FLNT,NASDAQ
FLUX,NASDAQ
FLWS,NASDAQ
FLX,NASDAQ
FLXS,NASDAQ
FLYE,NASDAQ
FLYW,NASDAQ
FMAO,NASDAQ
FMBH,NASDAQ
FMNB,NASDAQ
FMST,NASDAQ
FMTO,NASDAQ
FNGR,NASDAQ
FNKO,NASDAQ
FNLC,NASDAQ
FNWB,NASDAQ
FNWD,NASDAQ
FOLD,NASDAQ
FONR,NASDAQ
FORA,NASDAQ
FORD,NASDAQ
FORL,NASDAQ
FORLU,NASDAQ
FORM,NASDAQ
FORR,NASDAQ
FORTY,NASDAQ
FOSL,NASDAQ
FOX,NASDAQ
FOXA,NASDAQ
FOXF,NASDAQ
FOXX,NASDAQ
FOXXW,NASDAQ
FPAY,NASDAQ
FRAF,NASDAQ
FRBA,NASDAQ
FRGT,NASDAQ
FRHC,NASDAQ
FRME,NASDAQ
FROG,NASDAQ
FRPH,NASDAQ
FRPT,NASDAQ
FRSH,NASDAQ
FRST,NASDAQ
FRSX,NASDAQ
FSBC,NASDAQ
FSBW,NASDAQ
FSEA,NASDAQ
FSFG,NASDAQ
FSHP,NASDAQ
FSHPR,NASDAQ
FSHPU,NASDAQ
FSLR,NASDAQ
FSTR,NASDAQ
FSUN,NASDAQ
FSV,NASDAQ
FTA,NASDAQ
FTAG,NASDAQ
FTAI,NASDAQ
FTC,NASDAQ
FTCI,NASDAQ
FTDR,NASDAQ
FTEK,NASDAQ
FTEL,NASDAQ
FTFT,NASDAQ
FTHM,NASDAQ
FTLF,NASDAQ
FTNT,NASDAQ
FTRE,NASDAQ
FUFU,NASDAQ
FULC,NASDAQ
FULT,NASDAQ
FUNC,NASDAQ
FUND,NASDAQ
FUSB,NASDAQ
FUTU,NASDAQ
FVCB,NASDAQ
FVN,NASDAQ
FVNNR,NASDAQ
FVNNU,NASDAQ
FWONA,NASDAQ
FWONK,NASDAQ
FWRD,NASDAQ
FWRG,NASDAQ
FXNC,NASDAQ
FYBR,NASDAQ
FYC,NASDAQ
FYT,NASDAQ
GABC,NASDAQ
GAIA,NASDAQ
GAIN,NASDAQ
GALT,NASDAQ
GAMB,NASDAQ
GAME,NASDAQ
GAN,NASDAQ
GANX,NASDAQ
GASS,NASDAQ
GATE,NASDAQ
GATEU,NASDAQ
GATEW,NASDAQ
GAUZ,NASDAQ
GBBK,NASDAQ
GBBKR,NASDAQ
GBDC,NASDAQ
GBIO,NASDAQ
GCBC,NASDAQ
GCL,NASDAQ
GCMG,NASDAQ
GCMGW,NASDAQ
GCT,NASDAQ
GCTK,NASDAQ
GDC,NASDAQ
GDEN,NASDAQ
GDEV,NASDAQ
GDHG,NASDAQ
GDRX,NASDAQ
GDS,NASDAQ
GDTC,NASDAQ
GDYN,NASDAQ
GECC,NASDAQ
GECCH,NASDAQ
GECCO,NASDAQ
GEG,NASDAQ
GEHC,NASDAQ
GELS,NASDAQ
GEN,NASDAQ
GENK,NASDAQ
GEOS,NASDAQ
GERN,NASDAQ
GEVO,NASDAQ
GFAI,NASDAQ
GFS,NASDAQ
GGAL,NASDAQ
GGR,NASDAQ
GH,NASDAQ
GHRS,NASDAQ
GIFI,NASDAQ
GIFT,NASDAQ
GIG,NASDAQ
GIGGU,NASDAQ
GIGGW,NASDAQ
GIGM,NASDAQ
GIII,NASDAQ
GILD,NASDAQ
GILT,NASDAQ
GIPR,NASDAQ
GITS,NASDAQ
GLAC,NASDAQ
GLACR,NASDAQ
GLACU,NASDAQ
GLAD,NASDAQ
GLBE,NASDAQ
GLBS,NASDAQ
GLBZ,NASDAQ
GLDD,NASDAQ
GLDI,NASDAQ
GLE,NASDAQ
GLMD,NASDAQ
GLNG,NASDAQ
GLPG,NASDAQ
GLPI,NASDAQ
GLRE,NASDAQ
GLSI,NASDAQ
GLTO,NASDAQ
GLUE,NASDAQ
GLXG,NASDAQ
GLYC,NASDAQ
GMAB,NASDAQ
GMGI,NASDAQ
GMHS,NASDAQ
GMM,NASDAQ
GNFT,NASDAQ
GNLN,NASDAQ
GNLX,NASDAQ
GNPX,NASDAQ
GNSS,NASDAQ
GNTA,NASDAQ
GNTX,NASDAQ
GO,NASDAQ
GOCO,NASDAQ
GOGL,NASDAQ
GOGO,NASDAQ
GOOD,NASDAQ
GOOG,NASDAQ
GOOGL,NASDAQ
GORV,NASDAQ
GOSS,NASDAQ
GOVX,NASDAQ
GOVXW,NASDAQ
GP,NASDAQ
GPAT,NASDAQ
GPATU,NASDAQ
GPATW,NASDAQ
GPCR,NASDAQ
GPRE,NASDAQ
GPRO,NASDAQ
GRAB,NASDAQ
GRAL,NASDAQ
GRCE,NASDAQ
GREE,NASDAQ
GREEL,NASDAQ
GRFS,NASDAQ
GRI,NASDAQ
GRNQ,NASDAQ
GROW,NASDAQ
GRPN,NASDAQ
GRRR,NASDAQ
GRRRW,NASDAQ
GRVY,NASDAQ
GRWG,NASDAQ
GRYP,NASDAQ
GSAT,NASDAQ
GSBC,NASDAQ
GSHD,NASDAQ
GSHRU,NASDAQ
GSIT,NASDAQ
GSIW,NASDAQ
GSM,NASDAQ
GSRT,NASDAQ
GSRTR,NASDAQ
GSRTU,NASDAQ
GSUN,NASDAQ
GT,NASDAQ
GTBP,NASDAQ
GTEC,NASDAQ
GTI,NASDAQ
GTIM,NASDAQ
GTLB,NASDAQ
GTX,NASDAQ
GURE,NASDAQ
GUTS,NASDAQ
GV,NASDAQ
GVH,NASDAQ
GWAV,NASDAQ
GWRS,NASDAQ
GXAI,NASDAQ
GYRE,NASDAQ
GYRO,NASDAQ
HAFC,NASDAQ
HAIN,NASDAQ
HALO,NASDAQ
HAO,NASDAQ
HAS,NASDAQ
HBAN,NASDAQ
HBCP,NASDAQ
HBIO,NASDAQ
HBNC,NASDAQ
HBT,NASDAQ
HCAI,NASDAQ
HCAT,NASDAQ
HCKT,NASDAQ
HCM,NASDAQ
HCSG,NASDAQ
HCTI,NASDAQ
HCVI,NASDAQ
HCVIU,NASDAQ
HCWB,NASDAQ
HDL,NASDAQ
HDSN,NASDAQ
HEES,NASDAQ
HELE,NASDAQ
HEPA,NASDAQ
HEPS,NASDAQ
HFBL,NASDAQ
HFFG,NASDAQ
HFWA,NASDAQ
HGBL,NASDAQ
HHS,NASDAQ
HIFS,NASDAQ
HIHO,NASDAQ
HIMX,NASDAQ
HIT,NASDAQ
HITI,NASDAQ
HIVE,NASDAQ
HKIT,NASDAQ
HKPD,NASDAQ
HLAL,NASDAQ
HLIT,NASDAQ
HLMN,NASDAQ
HLNE,NASDAQ
HLP,NASDAQ
HLVX,NASDAQ
HLXB,NASDAQ
HMR,NASDAQ
HMST,NASDAQ
HNNA,NASDAQ
HNNAZ,NASDAQ
HNRG,NASDAQ
HNST,NASDAQ
HNVR,NASDAQ
HOFT,NASDAQ
HOFV,NASDAQ
HOFVW,NASDAQ
HOLO,NASDAQ
HOLX,NASDAQ
HON,NASDAQ
HOND,NASDAQ
HONDU,NASDAQ
HONE,NASDAQ
HOOD,NASDAQ
HOOK,NASDAQ
HOPE,NASDAQ
HOTH,NASDAQ
HOUR,NASDAQ
HOVR,NASDAQ
HOWL,NASDAQ
HPAI,NASDAQ
HPAIW,NASDAQ
HPH,NASDAQ
HPK,NASDAQ
HQI,NASDAQ
HQY,NASDAQ
HRMY,NASDAQ
HROW,NASDAQ
HRTS,NASDAQ
HRTX,NASDAQ
HRZN,NASDAQ
HSAI,NASDAQ
HSCS,NASDAQ
HSCSW,NASDAQ
HSDT,NASDAQ
HSIC,NASDAQ
HSII,NASDAQ
HSON,NASDAQ
HSPO,NASDAQ
HSPOR,NASDAQ
HSPOU,NASDAQ
HSPT,NASDAQ
HSPTR,NASDAQ
HSPTU,NASDAQ
HST,NASDAQ
HSTM,NASDAQ
HTBK,NASDAQ
HTCO,NASDAQ
HTCR,NASDAQ
HTHT,NASDAQ
HTLD,NASDAQ
HTLM,NASDAQ
HTOO,NASDAQ
HTZ,NASDAQ
HUBC,NASDAQ
HUBG,NASDAQ
HUDI,NASDAQ
HUHU,NASDAQ
HUIZ,NASDAQ
HUMA,NASDAQ
HUMAW,NASDAQ
HURA,NASDAQ
HURC,NASDAQ
HURN,NASDAQ
HUT,NASDAQ
HVII,NASDAQ
HVIIR,NASDAQ
HVIIU,NASDAQ
HWBK,NASDAQ
HWC,NASDAQ
HWCPZ,NASDAQ
HWH,NASDAQ
HWKN,NASDAQ
HYFM,NASDAQ
HYMC,NASDAQ
HYPR,NASDAQ
IAC,NASDAQ
IART,NASDAQ
IAS,NASDAQ
IBAC,NASDAQ
IBACR,NASDAQ
IBCP,NASDAQ
IBEX,NASDAQ
IBG,NASDAQ
IBIO,NASDAQ
IBIT,NASDAQ
IBKR,NASDAQ
IBOC,NASDAQ
IBRX,NASDAQ
ICAD,NASDAQ
ICCC,NASDAQ
ICCM,NASDAQ
ICCT,NASDAQ
ICFI,NASDAQ
ICG,NASDAQ
ICHR,NASDAQ
ICLR,NASDAQ
ICMB,NASDAQ
ICON,NASDAQ
ICU,NASDAQ
ICUI,NASDAQ
IDAI,NASDAQ
IDCC,NASDAQ
IDN,NASDAQ
IDXX,NASDAQ
IDYA,NASDAQ
IEP,NASDAQ
IESC,NASDAQ
IFBD,NASDAQ
IFRX,NASDAQ
IGIC,NASDAQ
IGMS,NASDAQ
IHRT,NASDAQ
III,NASDAQ
IIIV,NASDAQ
IINN,NASDAQ
IKNA,NASDAQ
IKT,NASDAQ
ILAG,NASDAQ
ILIT,NASDAQ
ILLR,NASDAQ
ILLRW,NASDAQ
ILMN,NASDAQ
ILPT,NASDAQ
IMAB,NASDAQ
IMCC,NASDAQ
IMCR,NASDAQ
IMG,NASDAQ
IMKTA,NASDAQ
IMMP,NASDAQ
IMMR,NASDAQ
IMMX,NASDAQ
IMNM,NASDAQ
IMNN,NASDAQ
IMOM,NASDAQ
IMOS,NASDAQ
IMPP,NASDAQ
IMRN,NASDAQ
IMRX,NASDAQ
IMTE,NASDAQ
IMTX,NASDAQ
IMTXW,NASDAQ
IMUX,NASDAQ
IMVT,NASDAQ
IMXI,NASDAQ
INAB,NASDAQ
INBK,NASDAQ
INBS,NASDAQ
INBX,NASDAQ
INCR,NASDAQ
INCY,NASDAQ
INDB,NASDAQ
INDI,NASDAQ
INDP,NASDAQ
INDV,NASDAQ
INGN,NASDAQ
INHD,NASDAQ
INKT,NASDAQ
INLF,NASDAQ
INM,NASDAQ
INMB,NASDAQ
INMD,NASDAQ
INNV,NASDAQ
INO,NASDAQ
INOD,NASDAQ
INRO,NASDAQ
INSE,NASDAQ
INSG,NASDAQ
INSM,NASDAQ
INTA,NASDAQ
INTC,NASDAQ
INTG,NASDAQ
INTJ,NASDAQ
INTR,NASDAQ
INTS,NASDAQ
INTU,NASDAQ
INTZ,NASDAQ
INV,NASDAQ
INVA,NASDAQ
INVE,NASDAQ
INVZ,NASDAQ
INZY,NASDAQ
IOBT,NASDAQ
IONR,NASDAQ
IONS,NASDAQ
IOSP,NASDAQ
IOVA,NASDAQ
IPA,NASDAQ
IPAR,NASDAQ
IPDN,NASDAQ
IPGP,NASDAQ
IPHA,NASDAQ
IPM,NASDAQ
IPSC,NASDAQ
IPW,NASDAQ
IPWR,NASDAQ
IPX,NASDAQ
IQ,NASDAQ
IRBT,NASDAQ
IRD,NASDAQ
IRDM,NASDAQ
IREN,NASDAQ
IRIX,NASDAQ
IRMD,NASDAQ
IROH,NASDAQ
IROHR,NASDAQ
IROHU,NASDAQ
IROHW,NASDAQ
IRON,NASDAQ
IROQ,NASDAQ
IRTC,NASDAQ
IRWD,NASDAQ
ISPC,NASDAQ
ISPO,NASDAQ
ISPR,NASDAQ
ISRG,NASDAQ
ISRL,NASDAQ
ISRLU,NASDAQ
ISSC,NASDAQ
ISTR,NASDAQ
ITCI,NASDAQ
ITIC,NASDAQ
ITOS,NASDAQ
ITRI,NASDAQ
ITRM,NASDAQ
ITRN,NASDAQ
IVA,NASDAQ
IVCA,NASDAQ
IVCAU,NASDAQ
IVCAW,NASDAQ
IVDA,NASDAQ
IVP,NASDAQ
IVVD,NASDAQ
IXHL,NASDAQ
IZEA,NASDAQ
IZM,NASDAQ
JACK,NASDAQ
JAGX,NASDAQ
JAKK,NASDAQ
JAMF,NASDAQ
JANX,NASDAQ
JAZZ,NASDAQ
JBDI,NASDAQ
JBHT,NASDAQ
JBLU,NASDAQ
JBSS,NASDAQ
JCSE,NASDAQ
JCTC,NASDAQ
JD,NASDAQ
JDZG,NASDAQ
JEPQ,NASDAQ
JFB,NASDAQ
JFBR,NASDAQ
JFBRW,NASDAQ
JFIN,NASDAQ
JFU,NASDAQ
JG,NASDAQ
JJSF,NASDAQ
JKHY,NASDAQ
JL,NASDAQ
JMID,NASDAQ
JMSB,NASDAQ
JNVR,NASDAQ
JOUT,NASDAQ
JOYY,NASDAQ
JPEF,NASDAQ
JRSH,NASDAQ
JRVR,NASDAQ
JSPR,NASDAQ
JTAI,NASDAQ
JUNE,NASDAQ
JUNS,NASDAQ
JVA,NASDAQ
JVSA,NASDAQ
JVSAR,NASDAQ
JVSAU,NASDAQ
JWEL,NASDAQ
JXG,NASDAQ
JYD,NASDAQ
JYNT,NASDAQ
JZ,NASDAQ
JZXN,NASDAQ
KALA,NASDAQ
KALU,NASDAQ
KALV,NASDAQ
KARO,NASDAQ
KAVL,NASDAQ
KBSX,NASDAQ
KBWY,NASDAQ
KC,NASDAQ
KDLY,NASDAQ
KDLYW,NASDAQ
KDP,NASDAQ
KE,NASDAQ
KELYA,NASDAQ
KELYB,NASDAQ
KEQU,NASDAQ
KFFB,NASDAQ
KFII,NASDAQ
KFIIR,NASDAQ
KFIIU,NASDAQ
KGEI,NASDAQ
KHC,NASDAQ
KIDS,NASDAQ
KINS,NASDAQ
KIRK,NASDAQ
KITT,NASDAQ
KLAC,NASDAQ
KLIC,NASDAQ
KLRS,NASDAQ
KLTO,NASDAQ
KLTR,NASDAQ
KLXE,NASDAQ
KMDA,NASDAQ
KMTS,NASDAQ
KNDI,NASDAQ
KNSA,NASDAQ
KOD,NASDAQ
KOPN,NASDAQ
KOSS,NASDAQ
KPLT,NASDAQ
KPRX,NASDAQ
KPTI,NASDAQ
KRKR,NASDAQ
KRMD,NASDAQ
KRNT,NASDAQ
KRNY,NASDAQ
KRON,NASDAQ
KROS,NASDAQ
KRRO,NASDAQ
KRT,NASDAQ
KRUS,NASDAQ
KRYS,NASDAQ
KSCP,NASDAQ
KSPI,NASDAQ
KTCC,NASDAQ
KTOS,NASDAQ
KTTA,NASDAQ
KTTAW,NASDAQ
KURA,NASDAQ
KVAC,NASDAQ
KVACU,NASDAQ
KVHI,NASDAQ
KWE,NASDAQ
KXIN,NASDAQ
KYMR,NASDAQ
KYTX,NASDAQ
KZIA,NASDAQ
KZR,NASDAQ
LAB,NASDAQ
LAES,NASDAQ
LAKE,NASDAQ
LAMR,NASDAQ
LANC,NASDAQ
LAND,NASDAQ
LANDM,NASDAQ
LANDO,NASDAQ
LANDP,NASDAQ
LARK,NASDAQ
LASE,NASDAQ
LASR,NASDAQ
LAUR,NASDAQ
LAZR,NASDAQ
LBGJ,NASDAQ
LBRDA,NASDAQ
LBRDK,NASDAQ
LBRDP,NASDAQ
LBTYA,NASDAQ
LBTYB,NASDAQ
LBTYK,NASDAQ
LCFY,NASDAQ
LCFYW,NASDAQ
LCID,NASDAQ
LCNB,NASDAQ
LCUT,NASDAQ
LDTC,NASDAQ
LDWY,NASDAQ
LE,NASDAQ
LECO,NASDAQ
LEDS,NASDAQ
LEE,NASDAQ
LEGH,NASDAQ
LEGN,NASDAQ
LEGR,NASDAQ
LENZ,NASDAQ
LESL,NASDAQ
LEXX,NASDAQ
LFCR,NASDAQ
LFMD,NASDAQ
LFSC,NASDAQ
LFST,NASDAQ
LFUS,NASDAQ
LFVN,NASDAQ
LFWD,NASDAQ
LGCB,NASDAQ
LGCL,NASDAQ
LGHL,NASDAQ
LGIH,NASDAQ
LGMK,NASDAQ
LGND,NASDAQ
LGO,NASDAQ
LGTY,NASDAQ
LGVN,NASDAQ
LI,NASDAQ
LICN,NASDAQ
LIDR,NASDAQ
LIEN,NASDAQ
LIF,NASDAQ
LILA,NASDAQ
LILAK,NASDAQ
LIN,NASDAQ
LINC,NASDAQ
LIND,NASDAQ
LINE,NASDAQ
LINK,NASDAQ
LION,NASDAQ
LIPO,NASDAQ
LIQT,NASDAQ
LITE,NASDAQ
LITM,NASDAQ
LITP,NASDAQ
LIVE,NASDAQ
LIVN,NASDAQ
LIVR,NASDAQ
LIXT,NASDAQ
LKFN,NASDAQ
LKQ,NASDAQ
LLYVA,NASDAQ
LLYVK,NASDAQ
LMAT,NASDAQ
LMB,NASDAQ
LMFA,NASDAQ
LMNR,NASDAQ
LNKB,NASDAQ
LNKS,NASDAQ
LNSR,NASDAQ
LNT,NASDAQ
LNTH,NASDAQ
LNW,NASDAQ
LNZA,NASDAQ
LOAN,NASDAQ
LOBO,NASDAQ
LOCO,NASDAQ
LOGC,NASDAQ
LOGI,NASDAQ
LOKVU,NASDAQ
LOOP,NASDAQ
LOPE,NASDAQ
LOT,NASDAQ
LOVE,NASDAQ
LPAA,NASDAQ
LPAAU,NASDAQ
LPAAW,NASDAQ
LPBB,NASDAQ
LPBBU,NASDAQ
LPBBW,NASDAQ
LPCN,NASDAQ
LPLA,NASDAQ
LPRO,NASDAQ
LPSN,NASDAQ
LPTH,NASDAQ
LPTX,NASDAQ
LQDA,NASDAQ
LQDT,NASDAQ
LRCX,NASDAQ
LRE,NASDAQ
LRFC,NASDAQ
LRHC,NASDAQ
LRMR,NASDAQ
LSAK,NASDAQ
LSB,NASDAQ
LSBK,NASDAQ
LSBPW,NASDAQ
LSCC,NASDAQ
LSE,NASDAQ
LSEA,NASDAQ
LSH,NASDAQ
LSTA,NASDAQ
LSTR,NASDAQ
LTBR,NASDAQ
LTRN,NASDAQ
LTRX,NASDAQ
LTRY,NASDAQ
LTRYW,NASDAQ
LUCD,NASDAQ
LUCY,NASDAQ
LULU,NASDAQ
LUNG,NASDAQ
LUNR,NASDAQ
LVLU,NASDAQ
LVO,NASDAQ
LVRO,NASDAQ
LVROW,NASDAQ
LVTX,NASDAQ
LWAY,NASDAQ
LWLG,NASDAQ
LX,NASDAQ
LXEH,NASDAQ
LXEO,NASDAQ
LXRX,NASDAQ
LYEL,NASDAQ
LYFT,NASDAQ
LYRA,NASDAQ
LYTS,NASDAQ
LZ,NASDAQ
LZMH,NASDAQ
MACI,NASDAQ
MACIU,NASDAQ
MAMA,NASDAQ
MAMO,NASDAQ
MANH,NASDAQ
MAPS,NASDAQ
MAR,NASDAQ
MARA,NASDAQ
MARPS,NASDAQ
MASI,NASDAQ
MASK,NASDAQ
MASS,NASDAQ
MAT,NASDAQ
MATH,NASDAQ
MATW,NASDAQ
MAXI,NASDAQ
MAXN,NASDAQ
MAYA,NASDAQ
MAYAR,NASDAQ
MAYAU,NASDAQ
MAYS,NASDAQ
MAZE,NASDAQ
MBAV,NASDAQ
MBAVU,NASDAQ
MBAVW,NASDAQ
MBCN,NASDAQ
MBIN,NASDAQ
MBIO,NASDAQ
MBLY,NASDAQ
MBNKP,NASDAQ
MBOT,NASDAQ
MBRX,NASDAQ
MBUU,NASDAQ
MBWM,NASDAQ
MBX,NASDAQ
MCBS,NASDAQ
MCFT,NASDAQ
MCHP,NASDAQ
MCHX,NASDAQ
MCRB,NASDAQ
MCRI,NASDAQ
MCTR,NASDAQ
MCVT,NASDAQ
MCW,NASDAQ
MDAI,NASDAQ
MDAIW,NASDAQ
MDB,NASDAQ
MDBH,NASDAQ
MDCX,NASDAQ
MDGL,NASDAQ
MDIA,NASDAQ
MDIV,NASDAQ
MDLZ,NASDAQ
MDRR,NASDAQ
MDWD,NASDAQ
MDXG,NASDAQ
MDXH,NASDAQ
MEDP,NASDAQ
MEGL,NASDAQ
MEIP,NASDAQ
MELI,NASDAQ
MEOH,NASDAQ
MERC,NASDAQ
MESA,NASDAQ
MESO,NASDAQ
META,NASDAQ
METC,NASDAQ
METCB,NASDAQ
MFH,NASDAQ
MFI,NASDAQ
MFIC,NASDAQ
MFICL,NASDAQ
MFIN,NASDAQ
MGEE,NASDAQ
MGIC,NASDAQ
MGIH,NASDAQ
MGNI,NASDAQ
MGNX,NASDAQ
MGPI,NASDAQ
MGRC,NASDAQ
MGRM,NASDAQ
MGRX,NASDAQ
MGTX,NASDAQ
MGX,NASDAQ
MGYR,NASDAQ
MHLD,NASDAQ
MHUA,NASDAQ
MIDD,NASDAQ
MIGI,NASDAQ
MIMI,NASDAQ
MIND,NASDAQ
MIRA,NASDAQ
MIRM,NASDAQ
MIST,NASDAQ
MITK,NASDAQ
MKDW,NASDAQ
MKDWW,NASDAQ
MKSI,NASDAQ
MKTW,NASDAQ
MKTX,NASDAQ
MKZR,NASDAQ
MLAB,NASDAQ
MLAC,NASDAQ
MLACR,NASDAQ
MLACU,NASDAQ
MLCO,NASDAQ
MLEC,NASDAQ
MLECW,NASDAQ
MLGO,NASDAQ
MLKN,NASDAQ
MLTX,NASDAQ
MLYS,NASDAQ
MMLP,NASDAQ
MMSI,NASDAQ
MMYT,NASDAQ
MNDO,NASDAQ
MNDR,NASDAQ
MNDY,NASDAQ
MNKD,NASDAQ
MNMD,NASDAQ
MNOV,NASDAQ
MNPR,NASDAQ
MNRO,NASDAQ
MNSB,NASDAQ
MNSBP,NASDAQ
MNST,NASDAQ
MNTK,NASDAQ
MNTS,NASDAQ
MNTSW,NASDAQ
MNY,NASDAQ
MNYWW,NASDAQ
MOB,NASDAQ
MOBBW,NASDAQ
MOBX,NASDAQ
MOBXW,NASDAQ
MODD,NASDAQ
MODV,NASDAQ
MOFG,NASDAQ
MOGO,NASDAQ
MOLN,NASDAQ
MOMO,NASDAQ
MORN,NASDAQ
MOVE,NASDAQ
MPAA,NASDAQ
MPB,NASDAQ
MPWR,NASDAQ
MQ,NASDAQ
MRAM,NASDAQ
MRBK,NASDAQ
MRCC,NASDAQ
MRCY,NASDAQ
MREO,NASDAQ
MRIN,NASDAQ
MRKR,NASDAQ
MRM,NASDAQ
MRNA,NASDAQ
MRNO,NASDAQ
MRNOW,NASDAQ
MRSN,NASDAQ
MRTN,NASDAQ
MRUS,NASDAQ
MRVI,NASDAQ
MRVL,NASDAQ
MRX,NASDAQ
MSAI,NASDAQ
MSAIW,NASDAQ
MSBI,NASDAQ
MSEX,NASDAQ
MSFT,NASDAQ
MSGM,NASDAQ
MSPR,NASDAQ
MSPRW,NASDAQ
MSPRZ,NASDAQ
MSS,NASDAQ
MSSA,NASDAQ
MSSAR,NASDAQ
MSSAU,NASDAQ
MSTR,NASDAQ
MSW,NASDAQ
MTC,NASDAQ
MTCH,NASDAQ
MTEK,NASDAQ
MTEKW,NASDAQ
MTEN,NASDAQ
MTEX,NASDAQ
MTLS,NASDAQ
MTRX,NASDAQ
MTSI,NASDAQ
MTSR,NASDAQ
MTVA,NASDAQ
MU,NASDAQ
MULN,NASDAQ
MURA,NASDAQ
MVBF,NASDAQ
MVIS,NASDAQ
MVST,NASDAQ
MWYN,NASDAQ
MXCT,NASDAQ
MXL,NASDAQ
MYFW,NASDAQ
MYGN,NASDAQ
MYNZ,NASDAQ
MYPS,NASDAQ
MYPSW,NASDAQ
MYRG,NASDAQ
MYSZ,NASDAQ
NAAS,NASDAQ
NAGE,NASDAQ
NAII,NASDAQ
NAMI,NASDAQ
NAMS,NASDAQ
NAMSW,NASDAQ
NAOV,NASDAQ
NATH,NASDAQ
NATR,NASDAQ
NAUT,NASDAQ
NAVI,NASDAQ
NAYA,NASDAQ
NB,NASDAQ
NBBK,NASDAQ
NBIS,NASDAQ
NBIX,NASDAQ
NBN,NASDAQ
NBTB,NASDAQ
NBTX,NASDAQ
NCEW,NASDAQ
NCI,NASDAQ
NCIQ,NASDAQ
NCMI,NASDAQ
NCNA,NASDAQ
NCNO,NASDAQ
NCPL,NASDAQ
NCPLW,NASDAQ
NCRA,NASDAQ
NCSM,NASDAQ
NCT,NASDAQ
NCTY,NASDAQ
NDAQ,NASDAQ
NDLS,NASDAQ
NDRA,NASDAQ
NDSN,NASDAQ
NECB,NASDAQ
NEGG,NASDAQ
NEHC,NASDAQ
NEHCW,NASDAQ
NEO,NASDAQ
NEOG,NASDAQ
NEON,NASDAQ
NEOV,NASDAQ
NEOVW,NASDAQ
NEPH,NASDAQ
NERD,NASDAQ
NERV,NASDAQ
NESR,NASDAQ
NETD,NASDAQ
NETDU,NASDAQ
NEUP,NASDAQ
NEWT,NASDAQ
NEXN,NASDAQ
NEXT,NASDAQ
NFBK,NASDAQ
NFE,NASDAQ
NFLX,NASDAQ
NGNE,NASDAQ
NHICU,NASDAQ
NHTC,NASDAQ
NICE,NASDAQ
NIPG,NASDAQ
NISN,NASDAQ
NITO,NASDAQ
NIU,NASDAQ
NIVF,NASDAQ
NIXX,NASDAQ
NKSH,NASDAQ
NKTR,NASDAQ
NKTX,NASDAQ
NLSP,NASDAQ
NMFC,NASDAQ
NMIH,NASDAQ
NMRA,NASDAQ
NMRK,NASDAQ
NMTC,NASDAQ
NN,NASDAQ
NNBR,NASDAQ
NNDM,NASDAQ
NNE,NASDAQ
NNNN,NASDAQ
NNOX,NASDAQ
NODK,NASDAQ
NOEM,NASDAQ
NOEMR,NASDAQ
NOEMU,NASDAQ
NOEMW,NASDAQ
NOTV,NASDAQ
NOVT,NASDAQ
NPCE,NASDAQ
NRC,NASDAQ
NRDS,NASDAQ
NRIM,NASDAQ
NRIX,NASDAQ
NRSN,NASDAQ
NRSNW,NASDAQ
NRXP,NASDAQ
NSIT,NASDAQ
NSPR,NASDAQ
NSSC,NASDAQ
NSTS,NASDAQ
NSYS,NASDAQ
NTAP,NASDAQ
NTCL,NASDAQ
NTCT,NASDAQ
NTES,NASDAQ
NTGR,NASDAQ
NTHI,NASDAQ
NTIC,NASDAQ
NTLA,NASDAQ
NTNX,NASDAQ
NTRA,NASDAQ
NTRB,NASDAQ
NTRBW,NASDAQ
NTRP,NASDAQ
NTRS,NASDAQ
NTWK,NASDAQ
NTWO,NASDAQ
NTWOU,NASDAQ
NUKK,NASDAQ
NUKKW,NASDAQ
NURO,NASDAQ
NUTX,NASDAQ
NUVL,NASDAQ
NUWE,NASDAQ
NVA,NASDAQ
NVAX,NASDAQ
NVCR,NASDAQ
NVCT,NASDAQ
NVDA,NASDAQ
NVEC,NASDAQ
NVEE,NASDAQ
NVFY,NASDAQ
NVMI,NASDAQ
NVNI,NASDAQ
NVNIW,NASDAQ
NVNO,NASDAQ
NVTS,NASDAQ
NVVE,NASDAQ
NVX,NASDAQ
NWBI,NASDAQ
NWE,NASDAQ
NWFL,NASDAQ
NWGL,NASDAQ
NWL,NASDAQ
NWPX,NASDAQ
NWS,NASDAQ
NWSA,NASDAQ
NWTG,NASDAQ
NWTN,NASDAQ
NXGL,NASDAQ
NXL,NASDAQ
NXPI,NASDAQ
NXPL,NASDAQ
NXPLW,NASDAQ
NXST,NASDAQ
NXT,NASDAQ
NXTC,NASDAQ
NXTT,NASDAQ
NXU,NASDAQ
NXXT,NASDAQ
NYAX,NASDAQ
NYMT,NASDAQ
NYXH,NASDAQ
NZAC,NASDAQ
OABI,NASDAQ
OACC,NASDAQ
OACCU,NASDAQ
OACCW,NASDAQ
OAKU,NASDAQ
OAKUR,NASDAQ
OAKUU,NASDAQ
OB,NASDAQ
OBIO,NASDAQ
OBLG,NASDAQ
OBT,NASDAQ
OCC,NASDAQ
OCCI,NASDAQ
OCCIM,NASDAQ
OCCIN,NASDAQ
OCCIO,NASDAQ
OCEA,NASDAQ
OCFC,NASDAQ
OCFCP,NASDAQ
OCG,NASDAQ
OCGN,NASDAQ
OCS,NASDAQ
OCSAW,NASDAQ
OCSL,NASDAQ
OCTO,NASDAQ
OCUL,NASDAQ
OCX,NASDAQ
ODD,NASDAQ
ODDS,NASDAQ
ODFL,NASDAQ
ODP,NASDAQ
ODYS,NASDAQ
OESX,NASDAQ
OFIX,NASDAQ
OFLX,NASDAQ
OFS,NASDAQ
OGI,NASDAQ
OKTA,NASDAQ
OKUR,NASDAQ
OKYO,NASDAQ
OLB,NASDAQ
OLED,NASDAQ
OLLI,NASDAQ
OLMA,NASDAQ
OLPX,NASDAQ
OM,NASDAQ
OMAB,NASDAQ
OMCC,NASDAQ
OMCL,NASDAQ
OMER,NASDAQ
OMEX,NASDAQ
OMH,NASDAQ
ON,NASDAQ
ONB,NASDAQ
ONC,NASDAQ
ONCO,NASDAQ
ONCY,NASDAQ
ONDS,NASDAQ
ONEG,NASDAQ
ONEW,NASDAQ
ONFO,NASDAQ
ONMD,NASDAQ
ONMDW,NASDAQ
ONVO,NASDAQ
OP,NASDAQ
OPAL,NASDAQ
OPBK,NASDAQ
OPCH,NASDAQ
OPEN,NASDAQ
OPI,NASDAQ
OPK,NASDAQ
OPOF,NASDAQ
OPRA,NASDAQ
OPRT,NASDAQ
OPRX,NASDAQ
OPT,NASDAQ
OPTN,NASDAQ
OPTX,NASDAQ
OPTXW,NASDAQ
OPXS,NASDAQ
ORGN,NASDAQ
ORGO,NASDAQ
ORIC,NASDAQ
ORIS,NASDAQ
ORKA,NASDAQ
ORKT,NASDAQ
ORLY,NASDAQ
ORMP,NASDAQ
ORRF,NASDAQ
OS,NASDAQ
OSBC,NASDAQ
OSIS,NASDAQ
OSPN,NASDAQ
OSRH,NASDAQ
OSRHW,NASDAQ
OSS,NASDAQ
OST,NASDAQ
OSUR,NASDAQ
OSW,NASDAQ
OTEX,NASDAQ
OTLK,NASDAQ
OTLY,NASDAQ
OTRK,NASDAQ
OTTR,NASDAQ
OUST,NASDAQ
OVBC,NASDAQ
OVID,NASDAQ
OVLY,NASDAQ
OXBR,NASDAQ
OXBRW,NASDAQ
OXLC,NASDAQ
OXLCG,NASDAQ
OXLCI,NASDAQ
OXLCL,NASDAQ
OXLCO,NASDAQ
OXLCZ,NASDAQ
OXSQ,NASDAQ
OZK,NASDAQ
PAA,NASDAQ
PACB,NASDAQ
PAGP,NASDAQ
PAHC,NASDAQ
PAL,NASDAQ
PALI,NASDAQ
PAMT,NASDAQ
PANL,NASDAQ
PANW,NASDAQ
PARA,NASDAQ
PARAA,NASDAQ
PASG,NASDAQ
PATK,NASDAQ
PAVM,NASDAQ
PAVS,NASDAQ
PAX,NASDAQ
PAYO,NASDAQ
PAYS,NASDAQ
PAYX,NASDAQ
PBBK,NASDAQ
PBFS,NASDAQ
PBHC,NASDAQ
PBM,NASDAQ
PBPB,NASDAQ
PBYI,NASDAQ
PC,NASDAQ
PCAR,NASDAQ
PCB,NASDAQ
PCH,NASDAQ
PCLA,NASDAQ
PCRX,NASDAQ
PCSA,NASDAQ
PCSC,NASDAQ
PCT,NASDAQ
PCTTU,NASDAQ
PCTTW,NASDAQ
PCTY,NASDAQ
PCVX,NASDAQ
PCYO,NASDAQ
PDCO,NASDAQ
PDD,NASDAQ
PDEX,NASDAQ
PDFS,NASDAQ
PDLB,NASDAQ
PDSB,NASDAQ
PDYN,NASDAQ
PDYNW,NASDAQ
PEBK,NASDAQ
PEBO,NASDAQ
PECO,NASDAQ
PEGA,NASDAQ
PENG,NASDAQ
PENN,NASDAQ
PEP,NASDAQ
PEPG,NASDAQ
PEPS,NASDAQ
PERI,NASDAQ
PESI,NASDAQ
PET,NASDAQ
PETS,NASDAQ
PETWW,NASDAQ
PETZ,NASDAQ
PEV,NASDAQ
PFG,NASDAQ
PFIS,NASDAQ
PFX,NASDAQ
PGC,NASDAQ
PGEN,NASDAQ
PGHL,NASDAQ
PGNY,NASDAQ
PGY,NASDAQ
PHAR,NASDAQ
PHAT,NASDAQ
PHH,NASDAQ
PHIO,NASDAQ
PHLT,NASDAQ
PHO,NASDAQ
PHUN,NASDAQ
PHVS,NASDAQ
PI,NASDAQ
PIII,NASDAQ
PINC,NASDAQ
PITA,NASDAQ
PKBK,NASDAQ
PKOH,NASDAQ
PLAB,NASDAQ
PLAY,NASDAQ
PLBC,NASDAQ
PLBY,NASDAQ
PLCE,NASDAQ
PLL,NASDAQ
PLMK,NASDAQ
PLMKU,NASDAQ
PLMR,NASDAQ
PLPC,NASDAQ
PLRX,NASDAQ
PLRZ,NASDAQ
PLSE,NASDAQ
PLTK,NASDAQ
PLTR,NASDAQ
PLUG,NASDAQ
PLUR,NASDAQ
PLUS,NASDAQ
PLUT,NASDAQ
PLXS,NASDAQ
PLYA,NASDAQ
PMAX,NASDAQ
PMCB,NASDAQ
PMEC,NASDAQ
PMN,NASDAQ
PMTS,NASDAQ
PMVP,NASDAQ
PN,NASDAQ
PNBK,NASDAQ
PNFP,NASDAQ
PNRG,NASDAQ
PNTG,NASDAQ
POAI,NASDAQ
POCI,NASDAQ
PODC,NASDAQ
PODD,NASDAQ
POET,NASDAQ
POLA,NASDAQ
POLE,NASDAQ
POLEU,NASDAQ
POLEW,NASDAQ
PONY,NASDAQ
POOL,NASDAQ
POWI,NASDAQ
POWL,NASDAQ
POWW,NASDAQ
POWWP,NASDAQ
PPBI,NASDAQ
PPBT,NASDAQ
PPC,NASDAQ
PPIH,NASDAQ
PPSI,NASDAQ
PPTA,NASDAQ
PRAA,NASDAQ
PRAX,NASDAQ
PRCH,NASDAQ
PRCT,NASDAQ
PRDO,NASDAQ
PRE,NASDAQ
PRFX,NASDAQ
PRGS,NASDAQ
PRLD,NASDAQ
PRME,NASDAQ
PROF,NASDAQ
PROK,NASDAQ
PROP,NASDAQ
PROV,NASDAQ
PRPH,NASDAQ
PRPL,NASDAQ
PRPO,NASDAQ
PRQR,NASDAQ
PRSO,NASDAQ
PRTA,NASDAQ
PRTC,NASDAQ
PRTG,NASDAQ
PRTH,NASDAQ
PRTS,NASDAQ
PRVA,NASDAQ
PRZO,NASDAQ
PSCC,NASDAQ
PSEC,NASDAQ
PSHG,NASDAQ
PSIG,NASDAQ
PSIX,NASDAQ
PSMT,NASDAQ
PSNL,NASDAQ
PSNY,NASDAQ
PSNYW,NASDAQ
PSTV,NASDAQ
PSWD,NASDAQ
PT,NASDAQ
PTC,NASDAQ
PTCT,NASDAQ
PTEN,NASDAQ
PTGX,NASDAQ
PTHL,NASDAQ
PTIX,NASDAQ
PTIXW,NASDAQ
PTLE,NASDAQ
PTLO,NASDAQ
PTMN,NASDAQ
PTON,NASDAQ
PTPI,NASDAQ
PTVE,NASDAQ
PUBM,NASDAQ
PULM,NASDAQ
PVBC,NASDAQ
PVLA,NASDAQ
PWM,NASDAQ
PWOD,NASDAQ
PWP,NASDAQ
PXI,NASDAQ
PXLW,NASDAQ
PXS,NASDAQ
PXSAW,NASDAQ
PYCR,NASDAQ
PYPD,NASDAQ
PYPL,NASDAQ
PYXS,NASDAQ
PZZA,NASDAQ
QCOM,NASDAQ
QCRH,NASDAQ
QDEL,NASDAQ
QETA,NASDAQ
QETAR,NASDAQ
QETAU,NASDAQ
QFIN,NASDAQ
QH,NASDAQ
QIPT,NASDAQ
QLGN,NASDAQ
QLYS,NASDAQ
QMCO,NASDAQ
QMMM,NASDAQ
QNCX,NASDAQ
QNRX,NASDAQ
QNST,NASDAQ
QNTM,NASDAQ
QQMG,NASDAQ
QQQ,NASDAQ
QQQH,NASDAQ
QQQX,NASDAQ
QQQY,NASDAQ
QQXT,NASDAQ
QRHC,NASDAQ
QRVO,NASDAQ
QSEAU,NASDAQ
QSG,NASDAQ
QSI,NASDAQ
QTRX,NASDAQ
QTTB,NASDAQ
QUBT,NASDAQ
QUIK,NASDAQ
QURE,NASDAQ
QVCGA,NASDAQ
QVCGB,NASDAQ
QXQ,NASDAQ
RADX,NASDAQ
RAIL,NASDAQ
RAIN,NASDAQ
RAINW,NASDAQ
RAND,NASDAQ
RANG,NASDAQ
RANGR,NASDAQ
RANGU,NASDAQ
RANI,NASDAQ
RAPP,NASDAQ
RAPT,NASDAQ
RARE,NASDAQ
RAVE,NASDAQ
RAY,NASDAQ
RAYA,NASDAQ
RBB,NASDAQ
RBBN,NASDAQ
RBCAA,NASDAQ
RBKB,NASDAQ
RCAT,NASDAQ
RCEL,NASDAQ
RCKT,NASDAQ
RCKTW,NASDAQ
RCKY,NASDAQ
RCMT,NASDAQ
RCON,NASDAQ
RCT,NASDAQ
RDAC,NASDAQ
RDACR,NASDAQ
RDACU,NASDAQ
RDCM,NASDAQ
RDFN,NASDAQ
RDGT,NASDAQ
RDHL,NASDAQ
RDI,NASDAQ
RDIB,NASDAQ
RDNT,NASDAQ
RDTY,NASDAQ
RDUS,NASDAQ
RDVT,NASDAQ
RDVY,NASDAQ
RDWR,NASDAQ
RDZN,NASDAQ
RDZNW,NASDAQ
REAL,NASDAQ
REAX,NASDAQ
REBN,NASDAQ
RECT,NASDAQ
REE,NASDAQ
REFI,NASDAQ
REFR,NASDAQ
REG,NASDAQ
REGCP,NASDAQ
REGN,NASDAQ
REKR,NASDAQ
RELI,NASDAQ
RELL,NASDAQ
RELY,NASDAQ
RENB,NASDAQ
RENE,NASDAQ
RENEU,NASDAQ
RENEW,NASDAQ
RENT,NASDAQ
REPL,NASDAQ
RETO,NASDAQ
REVB,NASDAQ
REVBW,NASDAQ
REYN,NASDAQ
RFAI,NASDAQ
RFAIR,NASDAQ
RFAIU,NASDAQ
RFDI,NASDAQ
RFEU,NASDAQ
RFIL,NASDAQ
RGC,NASDAQ
RGCO,NASDAQ
RGEN,NASDAQ
RGLD,NASDAQ
RGLS,NASDAQ
RGNX,NASDAQ
RGP,NASDAQ
RGS,NASDAQ
RGTI,NASDAQ
RHLD,NASDAQ
RIBB,NASDAQ
RIBBR,NASDAQ
RIBBU,NASDAQ
RICK,NASDAQ
RIGL,NASDAQ
RILY,NASDAQ
RIME,NASDAQ
RIOT,NASDAQ
RITR,NASDAQ
RIVN,NASDAQ
RKDA,NASDAQ
RKLB,NASDAQ
RLAY,NASDAQ
RLMD,NASDAQ
RLYB,NASDAQ
RMBI,NASDAQ
RMBL,NASDAQ
RMBS,NASDAQ
RMCF,NASDAQ
RMCO,NASDAQ
RMNI,NASDAQ
RMR,NASDAQ
RMSG,NASDAQ
RMTI,NASDAQ
RNA,NASDAQ
RNAC,NASDAQ
RNAZ,NASDAQ
RNTX,NASDAQ
RNW,NASDAQ
RNXT,NASDAQ
ROAD,NASDAQ
ROCK,NASDAQ
ROE,NASDAQ
ROIV,NASDAQ
ROKU,NASDAQ
ROMA,NASDAQ
ROOT,NASDAQ
ROP,NASDAQ
ROST,NASDAQ
RPAY,NASDAQ
RPD,NASDAQ
RPID,NASDAQ
RPRX,NASDAQ
RPTX,NASDAQ
RR,NASDAQ
RRBI,NASDAQ
RRGB,NASDAQ
RRR,NASDAQ
RSLS,NASDAQ
RSSS,NASDAQ
RSVR,NASDAQ
RTC,NASDAQ
RUM,NASDAQ
RUN,NASDAQ
RUSHA,NASDAQ
RUSHB,NASDAQ
RVMD,NASDAQ
RVPH,NASDAQ
RVSB,NASDAQ
RVSN,NASDAQ
RVSNW,NASDAQ
RVYL,NASDAQ
RWAY,NASDAQ
RXRX,NASDAQ
RXST,NASDAQ
RXT,NASDAQ
RYAAY,NASDAQ
RYTM,NASDAQ
RZLT,NASDAQ
RZLV,NASDAQ
RZLVW,NASDAQ
SABR,NASDAQ
SABS,NASDAQ
SAFT,NASDAQ
SAG,NASDAQ
SAGE,NASDAQ
SAGT,NASDAQ
SAIA,NASDAQ
SAIC,NASDAQ
SAIH,NASDAQ
SAIHW,NASDAQ
SAIL,NASDAQ
SAMG,NASDAQ
SANA,NASDAQ
SANG,NASDAQ
SANM,NASDAQ
SANW,NASDAQ
SATL,NASDAQ
SATLW,NASDAQ
SATS,NASDAQ
SAVA,NASDAQ
SBAC,NASDAQ
SBC,NASDAQ
SBCF,NASDAQ
SBET,NASDAQ
SBFG,NASDAQ
SBFM,NASDAQ
SBGI,NASDAQ
SBLK,NASDAQ
SBRA,NASDAQ
SBUX,NASDAQ
SCHL,NASDAQ
SCKT,NASDAQ
SCLX,NASDAQ
SCNI,NASDAQ
SCNX,NASDAQ
SCOR,NASDAQ
SCPH,NASDAQ
SCSC,NASDAQ
SCVL,NASDAQ
SCWO,NASDAQ
SCYX,NASDAQ
SDA,NASDAQ
SDAWW,NASDAQ
SDGR,NASDAQ
SDHIU,NASDAQ
SDOT,NASDAQ
SDST,NASDAQ
SEAT,NASDAQ
SEATW,NASDAQ
SEDG,NASDAQ
SEED,NASDAQ
SEER,NASDAQ
SEIC,NASDAQ
SELF,NASDAQ
SELX,NASDAQ
SENEA,NASDAQ
SENEB,NASDAQ
SEPN,NASDAQ
SERA,NASDAQ
SERV,NASDAQ
SEVN,NASDAQ
SEZL,NASDAQ
SFBC,NASDAQ
SFD,NASDAQ
SFHG,NASDAQ
SFIX,NASDAQ
SFM,NASDAQ
SFNC,NASDAQ
SFST,NASDAQ
SFWL,NASDAQ
SGA,NASDAQ
SGBX,NASDAQ
SGC,NASDAQ
SGD,NASDAQ
SGHT,NASDAQ
SGLY,NASDAQ
SGMA,NASDAQ
SGML,NASDAQ
SGMO,NASDAQ
SGMT,NASDAQ
SGRP,NASDAQ
SGRY,NASDAQ
SHBI,NASDAQ
SHC,NASDAQ
SHEN,NASDAQ
SHFS,NASDAQ
SHFSW,NASDAQ
SHIM,NASDAQ
SHIP,NASDAQ
SHLS,NASDAQ
SHLT,NASDAQ
SHMD,NASDAQ
SHMDW,NASDAQ
SHOO,NASDAQ
SHOP,NASDAQ
SHOT,NASDAQ
SHOTW,NASDAQ
SHPH,NASDAQ
SHYF,NASDAQ
SIBN,NASDAQ
SIDU,NASDAQ
SIEB,NASDAQ
SIFY,NASDAQ
SIGA,NASDAQ
SIGI,NASDAQ
SILC,NASDAQ
SILO,NASDAQ
SIMA,NASDAQ
SIMAU,NASDAQ
SIMO,NASDAQ
SINT,NASDAQ
SION,NASDAQ
SIRI,NASDAQ
SISI,NASDAQ
SITM,NASDAQ
SJ,NASDAQ
SJW,NASDAQ
SKBL,NASDAQ
SKGR,NASDAQ
SKGRU,NASDAQ
SKIN,NASDAQ
SKK,NASDAQ
SKWD,NASDAQ
SKYE,NASDAQ
SKYQ,NASDAQ
SKYT,NASDAQ
SKYW,NASDAQ
SKYX,NASDAQ
SLAB,NASDAQ
SLDB,NASDAQ
SLDP,NASDAQ
SLDPW,NASDAQ
SLE,NASDAQ
SLGL,NASDAQ
SLM,NASDAQ
SLMBP,NASDAQ
SLN,NASDAQ
SLNG,NASDAQ
SLNH,NASDAQ
SLNHP,NASDAQ
SLNO,NASDAQ
SLP,NASDAQ
SLRC,NASDAQ
SLRN,NASDAQ
SLRX,NASDAQ
SLS,NASDAQ
SLVO,NASDAQ
SLXN,NASDAQ
SMBC,NASDAQ
SMCI,NASDAQ
SMID,NASDAQ
SMLR,NASDAQ
SMMT,NASDAQ
SMPL,NASDAQ
SMSI,NASDAQ
SMTC,NASDAQ
SMTI,NASDAQ
SMTK,NASDAQ
SMX,NASDAQ
SMXT,NASDAQ
SMXWW,NASDAQ
SNAL,NASDAQ
SNBR,NASDAQ
SNCR,NASDAQ
SNCY,NASDAQ
SND,NASDAQ
SNDK,NASDAQ
SNDL,NASDAQ
SNDX,NASDAQ
SNES,NASDAQ
SNEX,NASDAQ
SNFCA,NASDAQ
SNGX,NASDAQ
SNOA,NASDAQ
SNPS,NASDAQ
SNPX,NASDAQ
SNRE,NASDAQ
SNSE,NASDAQ
SNT,NASDAQ
SNTG,NASDAQ
SNTI,NASDAQ
SNWV,NASDAQ
SNY,NASDAQ
SNYR,NASDAQ
SOBR,NASDAQ
SOCL,NASDAQ
SOFI,NASDAQ
SOGP,NASDAQ
SOHO,NASDAQ
SOHU,NASDAQ
SOND,NASDAQ
SONM,NASDAQ
SONN,NASDAQ
SONO,NASDAQ
SOPA,NASDAQ
SOPH,NASDAQ
SOTK,NASDAQ
SOUN,NASDAQ
SOWG,NASDAQ
SOXX,NASDAQ
SPAI,NASDAQ
SPCB,NASDAQ
SPFI,NASDAQ
SPHL,NASDAQ
SPKL,NASDAQ
SPKLU,NASDAQ
SPNS,NASDAQ
SPOK,NASDAQ
SPPL,NASDAQ
SPRB,NASDAQ
SPRC,NASDAQ
SPRO,NASDAQ
SPRY,NASDAQ
SPSC,NASDAQ
SPT,NASDAQ
SPTN,NASDAQ
SPWH,NASDAQ
SQFT,NASDAQ
SQFTW,NASDAQ
SRAD,NASDAQ
SRBK,NASDAQ
SRCE,NASDAQ
SRDX,NASDAQ
SRM,NASDAQ
SRPT,NASDAQ
SRRK,NASDAQ
SRTS,NASDAQ
SRZN,NASDAQ
SRZNW,NASDAQ
SSBI,NASDAQ
SSBK,NASDAQ
SSKN,NASDAQ
SSNC,NASDAQ
SSP,NASDAQ
SSRM,NASDAQ
SSSS,NASDAQ
SSTI,NASDAQ
SSYS,NASDAQ
STAA,NASDAQ
STAI,NASDAQ
STAK,NASDAQ
STBA,NASDAQ
STBX,NASDAQ
STEC,NASDAQ
STEP,NASDAQ
STFS,NASDAQ
STGW,NASDAQ
STHO,NASDAQ
STI,NASDAQ
STIM,NASDAQ
STKH,NASDAQ
STKL,NASDAQ
STKS,NASDAQ
STLD,NASDAQ
STNE,NASDAQ
STOK,NASDAQ
STRA,NASDAQ
STRF,NASDAQ
STRK,NASDAQ
STRL,NASDAQ
STRM,NASDAQ
STRO,NASDAQ
STRR,NASDAQ
STRRP,NASDAQ
STRS,NASDAQ
STRT,NASDAQ
STSS,NASDAQ
STTK,NASDAQ
STX,NASDAQ
SUGP,NASDAQ
SUNE,NASDAQ
SUNS,NASDAQ
SUPN,NASDAQ
SURG,NASDAQ
SUUN,NASDAQ
SVA,NASDAQ
SVC,NASDAQ
SVCC,NASDAQ
SVCCU,NASDAQ
SVCO,NASDAQ
SVII,NASDAQ
SVIIR,NASDAQ
SVIIU,NASDAQ
SVRA,NASDAQ
SVRE,NASDAQ
SVREW,NASDAQ
SWAG,NASDAQ
SWBI,NASDAQ
SWIM,NASDAQ
SWIN,NASDAQ
SWKH,NASDAQ
SWKS,NASDAQ
SWTX,NASDAQ
SWVL,NASDAQ
SWVLW,NASDAQ
SXTC,NASDAQ
SXTP,NASDAQ
SXTPW,NASDAQ
SY,NASDAQ
SYBT,NASDAQ
SYBX,NASDAQ
SYM,NASDAQ
SYNA,NASDAQ
SYPR,NASDAQ
SYRA,NASDAQ
SYRE,NASDAQ
SYT,NASDAQ
SYTA,NASDAQ
TACT,NASDAQ
TAIT,NASDAQ
TALK,NASDAQ
TALKW,NASDAQ
TANH,NASDAQ
TAOP,NASDAQ
TARA,NASDAQ
TARS,NASDAQ
TASK,NASDAQ
TATT,NASDAQ
TAVI,NASDAQ
TAVIR,NASDAQ
TAVIU,NASDAQ
TAYD,NASDAQ
TBBK,NASDAQ
TBCH,NASDAQ
TBH,NASDAQ
TBLA,NASDAQ
TBLAW,NASDAQ
TBLD,NASDAQ
TBMC,NASDAQ
TBMCR,NASDAQ
TBNK,NASDAQ
TBPH,NASDAQ
TBRG,NASDAQ
TC,NASDAQ
TCBI,NASDAQ
TCBK,NASDAQ
TCBS,NASDAQ
TCBX,NASDAQ
TCMD,NASDAQ
TCOM,NASDAQ
TCPC,NASDAQ
TCRT,NASDAQ
TCRX,NASDAQ
TCTM,NASDAQ
TCX,NASDAQ
TDAC,NASDAQ
TDACU,NASDAQ
TDACW,NASDAQ
TDTH,NASDAQ
TDUP,NASDAQ
TEAM,NASDAQ
TECH,NASDAQ
TECX,NASDAQ
TELA,NASDAQ
TELO,NASDAQ
TEM,NASDAQ
TENB,NASDAQ
TENX,NASDAQ
TER,NASDAQ
TERN,NASDAQ
TFIN,NASDAQ
TFSL,NASDAQ
TGL,NASDAQ
TGTX,NASDAQ
TH,NASDAQ
THAR,NASDAQ
THCH,NASDAQ
THFF,NASDAQ
THRD,NASDAQ
THRM,NASDAQ
THRY,NASDAQ
THTX,NASDAQ
TIGO,NASDAQ
TIGR,NASDAQ
TIL,NASDAQ
TILE,NASDAQ
TIPT,NASDAQ
TIRX,NASDAQ
TITN,NASDAQ
TIVC,NASDAQ
TKLF,NASDAQ
TKNO,NASDAQ
TLF,NASDAQ
TLN,NASDAQ
TLPH,NASDAQ
TLRY,NASDAQ
TLS,NASDAQ
TLSA,NASDAQ
TLSI,NASDAQ
TLSIW,NASDAQ
TLX,NASDAQ
TMC,NASDAQ
TMCI,NASDAQ
TMCWW,NASDAQ
TMDX,NASDAQ
TMUS,NASDAQ
TNDM,NASDAQ
TNFA,NASDAQ
TNGX,NASDAQ
TNMG,NASDAQ
TNON,NASDAQ
TNXP,NASDAQ
TNYA,NASDAQ
TOI,NASDAQ
TOIIW,NASDAQ
TOMZ,NASDAQ
TOP,NASDAQ
TORO,NASDAQ
TOUR,NASDAQ
TOWN,NASDAQ
TOYO,NASDAQ
TPCS,NASDAQ
TPG,NASDAQ
TPGXL,NASDAQ
TPIC,NASDAQ
TPST,NASDAQ
TRAW,NASDAQ
TRDA,NASDAQ
TREE,NASDAQ
TRI,NASDAQ
TRIB,NASDAQ
TRIN,NASDAQ
TRIP,NASDAQ
TRMB,NASDAQ
TRMD,NASDAQ
TRMK,NASDAQ
TRML,NASDAQ
TRNR,NASDAQ
TRNS,NASDAQ
TROO,NASDAQ
TROW,NASDAQ
TRS,NASDAQ
TRSG,NASDAQ
TRST,NASDAQ
TRUE,NASDAQ
TRUG,NASDAQ
TRUP,NASDAQ
TRVG,NASDAQ
TRVI,NASDAQ
TSAT,NASDAQ
TSBK,NASDAQ
TSBX,NASDAQ
TSCO,NASDAQ
TSEM,NASDAQ
TSHA,NASDAQ
TSLA,NASDAQ
TSSI,NASDAQ
TSVT,NASDAQ
TTAN,NASDAQ
TTD,NASDAQ
TTEC,NASDAQ
TTEK,NASDAQ
TTGT,NASDAQ
TTMI,NASDAQ
TTNP,NASDAQ
TTSH,NASDAQ
TTWO,NASDAQ
TURB,NASDAQ
TURN,NASDAQ
TUSK,NASDAQ
TVGN,NASDAQ
TVTX,NASDAQ
TW,NASDAQ
TWFG,NASDAQ
TWG,NASDAQ
TWIN,NASDAQ
TWNP,NASDAQ
TWST,NASDAQ
TXG,NASDAQ
TXMD,NASDAQ
TXN,NASDAQ
TXRH,NASDAQ
TYGO,NASDAQ
TYRA,NASDAQ
TZOO,NASDAQ
TZUP,NASDAQ
UAL,NASDAQ
UBCP,NASDAQ
UBFO,NASDAQ
UBSI,NASDAQ
UBX,NASDAQ
UBXG,NASDAQ
UCAR,NASDAQ
UCL,NASDAQ
UCTT,NASDAQ
UDMY,NASDAQ
UEIC,NASDAQ
UFCS,NASDAQ
UFG,NASDAQ
UFPI,NASDAQ
UFPT,NASDAQ
UG,NASDAQ
UGRO,NASDAQ
UHG,NASDAQ
UK,NASDAQ
UKOMW,NASDAQ
ULBI,NASDAQ
ULCC,NASDAQ
ULH,NASDAQ
ULTA,NASDAQ
ULY,NASDAQ
UMBF,NASDAQ
UNB,NASDAQ
UNCY,NASDAQ
UNIT,NASDAQ
UNTY,NASDAQ
UOKA,NASDAQ
UONE,NASDAQ
UONEK,NASDAQ
UPB,NASDAQ
UPBD,NASDAQ
UPC,NASDAQ
UPLD,NASDAQ
UPST,NASDAQ
UPWK,NASDAQ
UPXI,NASDAQ
URBN,NASDAQ
URGN,NASDAQ
UROY,NASDAQ
USAR,NASDAQ
USAU,NASDAQ
USCB,NASDAQ
USEA,NASDAQ
USEG,NASDAQ
USFI,NASDAQ
USGO,NASDAQ
USIO,NASDAQ
USLM,NASDAQ
USOI,NASDAQ
USOY,NASDAQ
UTHR,NASDAQ
UTMD,NASDAQ
UTSI,NASDAQ
UVSP,NASDAQ
UXIN,NASDAQ
UYSCU,NASDAQ
VABK,NASDAQ
VACH,NASDAQ
VACHU,NASDAQ
VALN,NASDAQ
VALU,NASDAQ
VANI,NASDAQ
VBNK,NASDAQ
VBTX,NASDAQ
VC,NASDAQ
VCEL,NASDAQ
VCIC,NASDAQ
VCICU,NASDAQ
VCIG,NASDAQ
VCSA,NASDAQ
VCTR,NASDAQ
VCYT,NASDAQ
VECO,NASDAQ
VEEA,NASDAQ
VEEE,NASDAQ
VEON,NASDAQ
VERA,NASDAQ
VERB,NASDAQ
VERI,NASDAQ
VERO,NASDAQ
VERU,NASDAQ
VERV,NASDAQ
VERX,NASDAQ
VFF,NASDAQ
VFS,NASDAQ
VFSWW,NASDAQ
VGAS,NASDAQ
VIAV,NASDAQ
VICR,NASDAQ
VIGL,NASDAQ
VINC,NASDAQ
VINP,NASDAQ
VIOT,NASDAQ
VIR,NASDAQ
VIRC,NASDAQ
VIRT,NASDAQ
VITL,NASDAQ
VIVK,NASDAQ
VKTX,NASDAQ
VLCN,NASDAQ
VLGEA,NASDAQ
VLY,NASDAQ
VMAR,NASDAQ
VMD,NASDAQ
VMEO,NASDAQ
VNDA,NASDAQ
VNET,NASDAQ
VNOM,NASDAQ
VOD,NASDAQ
VONE,NASDAQ
VOR,NASDAQ
VOXR,NASDAQ
VOXX,NASDAQ
VRA,NASDAQ
VRAR,NASDAQ
VRAX,NASDAQ
VRCA,NASDAQ
VRDN,NASDAQ
VREX,NASDAQ
VRM,NASDAQ
VRME,NASDAQ
VRMEW,NASDAQ
VRNA,NASDAQ
VRNS,NASDAQ
VRNT,NASDAQ
VRPX,NASDAQ
VRRM,NASDAQ
VRSK,NASDAQ
VRSN,NASDAQ
VRTX,NASDAQ
VS,NASDAQ
VSAT,NASDAQ
VSEC,NASDAQ
VSEE,NASDAQ
VSEEW,NASDAQ
VSME,NASDAQ
VSSYW,NASDAQ
VSTA,NASDAQ
VSTE,NASDAQ
VSTM,NASDAQ
VTGN,NASDAQ
VTHR,NASDAQ
VTRS,NASDAQ
VTSI,NASDAQ
VTVT,NASDAQ
VTWO,NASDAQ
VTYX,NASDAQ
VUZI,NASDAQ
VVOS,NASDAQ
VVPR,NASDAQ
VXRT,NASDAQ
VYGR,NASDAQ
VYNE,NASDAQ
WABC,NASDAQ
WAFD,NASDAQ
WAFDP,NASDAQ
WAFU,NASDAQ
WAI,NASDAQ
WALD,NASDAQ
WALDW,NASDAQ
WASH,NASDAQ
WATT,NASDAQ
WAVE,NASDAQ
WAY,NASDAQ
WB,NASDAQ
WBA,NASDAQ
WBD,NASDAQ
WBTN,NASDAQ
WCT,NASDAQ
WDAY,NASDAQ
WDC,NASDAQ
WDFC,NASDAQ
WEN,NASDAQ
WERN,NASDAQ
WEST,NASDAQ
WETH,NASDAQ
WETO,NASDAQ
WEYS,NASDAQ
WFCF,NASDAQ
WFF,NASDAQ
WFRD,NASDAQ
WGRX,NASDAQ
WGS,NASDAQ
WHF,NASDAQ
WHFCL,NASDAQ
WHLR,NASDAQ
WHLRD,NASDAQ
WHWK,NASDAQ
WILC,NASDAQ
WIMI,NASDAQ
WINA,NASDAQ
WING,NASDAQ
WINT,NASDAQ
WIX,NASDAQ
WKEY,NASDAQ
WKHS,NASDAQ
WKSP,NASDAQ
WLAC,NASDAQ
WLACU,NASDAQ
WLACW,NASDAQ
WLDN,NASDAQ
WLDS,NASDAQ
WLFC,NASDAQ
WLGS,NASDAQ
WMG,NASDAQ
WMPN,NASDAQ
WNEB,NASDAQ
WNW,NASDAQ
WOK,NASDAQ
WOOF,NASDAQ
WORX,NASDAQ
WPRT,NASDAQ
WRAP,NASDAQ
WRD,NASDAQ
WRLD,NASDAQ
WSBC,NASDAQ
WSBF,NASDAQ
WSC,NASDAQ
WSFS,NASDAQ
WTBA,NASDAQ
WTF,NASDAQ
WTFC,NASDAQ
WTO,NASDAQ
WTW,NASDAQ
WULF,NASDAQ
WVE,NASDAQ
WVVI,NASDAQ
WW,NASDAQ
WWD,NASDAQ
WXM,NASDAQ
WYHG,NASDAQ
WYNN,NASDAQ
XAGE,NASDAQ
XAGEW,NASDAQ
XAIR,NASDAQ
XBIO,NASDAQ
XBIT,NASDAQ
XBP,NASDAQ
XCH,NASDAQ
XCUR,NASDAQ
XEL,NASDAQ
XELB,NASDAQ
XENE,NASDAQ
XERS,NASDAQ
XFOR,NASDAQ
XGN,NASDAQ
XHG,NASDAQ
XHLD,NASDAQ
XLO,NASDAQ
XMTR,NASDAQ
XNCR,NASDAQ
XNET,NASDAQ
XOMA,NASDAQ
XOMAP,NASDAQ
XOS,NASDAQ
XP,NASDAQ
XPEL,NASDAQ
XPON,NASDAQ
XRAY,NASDAQ
XRTX,NASDAQ
XRX,NASDAQ
XTIA,NASDAQ
XTKG,NASDAQ
XTLB,NASDAQ
XWEL,NASDAQ
XXII,NASDAQ
XYLO,NASDAQ
YAAS,NASDAQ
YGMZ,NASDAQ
YHC,NASDAQ
YHGJ,NASDAQ
YHNA,NASDAQ
YHNAR,NASDAQ
YHNAU,NASDAQ
YI,NASDAQ
YIBO,NASDAQ
YJ,NASDAQ
YLDE,NASDAQ
YMAB,NASDAQ
YORW,NASDAQ
YOSH,NASDAQ
YOTA,NASDAQ
YOTAR,NASDAQ
YOTAU,NASDAQ
YOTAW,NASDAQ
YQ,NASDAQ
YSXT,NASDAQ
YTRA,NASDAQ
YXT,NASDAQ
YYAI,NASDAQ
YYGH,NASDAQ
Z,NASDAQ
ZAPP,NASDAQ
ZAZZT,NASDAQ
ZBAI,NASDAQ
ZBAO,NASDAQ
ZBIO,NASDAQ
ZBRA,NASDAQ
ZBZZT,NASDAQ
ZCAR,NASDAQ
ZCMD,NASDAQ
ZCZZT,NASDAQ
ZD,NASDAQ
ZENA,NASDAQ
ZENV,NASDAQ
ZEO,NASDAQ
ZEUS,NASDAQ
ZG,NASDAQ
ZI,NASDAQ
ZIMV,NASDAQ
ZION,NASDAQ
ZJK,NASDAQ
ZJYL,NASDAQ
ZJZZT,NASDAQ
ZKIN,NASDAQ
ZLAB,NASDAQ
ZM,NASDAQ
ZNTL,NASDAQ
ZOOZ,NASDAQ
ZOOZW,NASDAQ
ZS,NASDAQ
ZSPC,NASDAQ
ZTEK,NASDAQ
ZUMZ,NASDAQ
ZURA,NASDAQ
ZVRA,NASDAQ
ZVSA,NASDAQ
ZVZZT,NASDAQ
ZWZZT,NASDAQ
ZXYZ.A,NASDAQ
ZXZZT,NASDAQ
ZYBT,NASDAQ
ZYME,NASDAQ
ZYXI,NASDAQ
A,NYSE
AA,NYSE
AACT,NYSE
AAM,NYSE
AAMI,NYSE
AAP,NYSE
AAT,NYSE
AB,NYSE
ABBV,NYSE
ABCB,NYSE
ABEV,NYSE
ABG,NYSE
ABM,NYSE
ABR,NYSE
ABT,NYSE
AC,NYSE
ACA,NYSE
ACCO,NYSE
ACCS,NYSE
ACEL,NYSE
ACHR,NYSE
ACI,NYSE
ACM,NYSE
ACN,NYSE
ACP,NYSE
ACR,NYSE
ACRE,NYSE
ACU,NYSE
ACV,NYSE
ACVA,NYSE
ADC,NYSE
ADCT,NYSE
ADM,NYSE
ADNT,NYSE
ADT,NYSE
ADX,NYSE
AEE,NYSE
AEF,NYSE
AEG,NYSE
AEM,NYSE
AEO,NYSE
AEON,NYSE
AER,NYSE
AES,NYSE
AESI,NYSE
AFB,NYSE
AFG,NYSE
AFL,NYSE
AG,NYSE
AGCO,NYSE
AGD,NYSE
AGI,NYSE
AGL,NYSE
AGM,NYSE
AGM.A,NYSE
AGO,NYSE
AGRO,NYSE
AGS,NYSE
AGX,NYSE
AHH,NYSE
AHR,NYSE
AHT,NYSE
AI,NYSE
AIG,NYSE
AIN,NYSE
AIO,NYSE
AIR,NYSE
AIRI,NYSE
AIT,NYSE
AIV,NYSE
AIZ,NYSE
AJG,NYSE
AKA,NYSE
AKO.A,NYSE
AKO.B,NYSE
AKR,NYSE
AL,NYSE
ALB,NYSE
ALC,NYSE
ALE,NYSE
ALEX,NYSE
ALG,NYSE
ALIT,NYSE
ALK,NYSE
ALL,NYSE
ALLE,NYSE
ALLY,NYSE
ALSN,NYSE
ALTG,NYSE
ALUR,NYSE
ALV,NYSE
ALX,NYSE
AM,NYSE
AMBC,NYSE
AMBI,NYSE
AMBO,NYSE
AMBP,NYSE
AMC,NYSE
AMCR,NYSE
AME,NYSE
AMG,NYSE
AMH,NYSE
AMN,NYSE
AMP,NYSE
AMPS,NYSE
AMPX,NYSE
AMPY,NYSE
AMR,NYSE
AMRC,NYSE
AMS,NYSE
AMT,NYSE
AMTB,NYSE
AMTD,NYSE
AMTM,NYSE
AMUB,NYSE
AMWL,NYSE
AMX,NYSE
AMZE,NYSE
AN,NYSE
ANET,NYSE
ANF,NYSE
ANRO,NYSE
ANVS,NYSE
AOD,NYSE
AOMR,NYSE
AON,NYSE
AORT,NYSE
AOS,NYSE
AP,NYSE
APAM,NYSE
APD,NYSE
APG,NYSE
APH,NYSE
APLE,NYSE
APO,NYSE
APT,NYSE
APTV,NYSE
AQN,NYSE
AR,NYSE
ARCO,NYSE
ARDC,NYSE
ARDT,NYSE
ARE,NYSE
AREN,NYSE
ARES,NYSE
ARI,NYSE
ARIS,NYSE
ARL,NYSE
ARLO,NYSE
ARMK,NYSE
ARMN,NYSE
ARMP,NYSE
AROC,NYSE
ARR,NYSE
ARW,NYSE
AS,NYSE
ASA,NYSE
ASAN,NYSE
ASB,NYSE
ASC,NYSE
ASG,NYSE
ASGI,NYSE
ASGN,NYSE
ASH,NYSE
ASIX,NYSE
ASM,NYSE
ASPN,NYSE
ASR,NYSE
ASX,NYSE
ATCH,NYSE
ATCO$D,NYSE
ATCO$H,NYSE
ATEN,NYSE
ATEST,NYSE
ATEST.A,NYSE
ATEST.B,NYSE
ATEST.C,NYSE
ATGE,NYSE
ATHM,NYSE
ATI,NYSE
ATKR,NYSE
ATMP,NYSE
ATMU,NYSE
ATNM,NYSE
ATO,NYSE
ATR,NYSE
ATS,NYSE
ATUS,NYSE
AU,NYSE
AUB,NYSE
AUNA,NYSE
AUST,NYSE
AVA,NYSE
AVB,NYSE
AVD,NYSE
AVK,NYSE
AVNS,NYSE
AVNT,NYSE
AVTR,NYSE
AVY,NYSE
AWF,NYSE
AWI,NYSE
AWK,NYSE
AWP,NYSE
AWR,NYSE
AWX,NYSE
AX,NYSE
AXIL,NYSE
AXL,NYSE
AXP,NYSE
AXR,NYSE
AXS,NYSE
AXTA,NYSE
AYI,NYSE
AZEK,NYSE
AZO,NYSE
AZTR,NYSE
AZZ,NYSE
BA,NYSE
BABA,NYSE
BAC,NYSE
BAC$E,NYSE
BAC$L,NYSE
BAH,NYSE
BAK,NYSE
BALL,NYSE
BALY,NYSE
BAM,NYSE
BANC,NYSE
BAP,NYSE
BAR,NYSE
BARK,NYSE
BATL,NYSE
BAX,NYSE
BB,NYSE
BBAI,NYSE
BBAR,NYSE
BBD,NYSE
BBDC,NYSE
BBDO,NYSE
BBU,NYSE
BBUC,NYSE
BBVA,NYSE
BBW,NYSE
BBWI,NYSE
BBY,NYSE
BC,NYSE
BCAT,NYSE
BCC,NYSE
BCE,NYSE
BCH,NYSE
BCO,NYSE
BCS,NYSE
BCSF,NYSE
BCV,NYSE
BCX,NYSE
BDC,NYSE
BDCZ,NYSE
BDJ,NYSE
BDL,NYSE
BDN,NYSE
BDX,NYSE
BE,NYSE
BEDU,NYSE
BEEP,NYSE
BEKE,NYSE
BEN,NYSE
BEP,NYSE
BEPC,NYSE
BERY,NYSE
BF.A,NYSE
BF.B,NYSE
BFAM,NYSE
BFH,NYSE
BFK,NYSE
BFLY,NYSE
BFS,NYSE
BFZ,NYSE
BG,NYSE
BGB,NYSE
BGH,NYSE
BGI,NYSE
BGR,NYSE
BGS,NYSE
BGSF,NYSE
BGT,NYSE
BGX,NYSE
BGY,NYSE
BH,NYSE
BH.A,NYSE
BHB,NYSE
BHC,NYSE
BHE,NYSE
BHLB,NYSE
BHM,NYSE
BHP,NYSE
BHR,NYSE
BHVN,NYSE
BILL,NYSE
BIO,NYSE
BIO.B,NYSE
BIP,NYSE
BIPC,NYSE
BIRK,NYSE
BIT,NYSE
BJ,NYSE
BK,NYSE
BKD,NYSE
BKE,NYSE
BKH,NYSE
BKKT,NYSE
BKN,NYSE
BKSY,NYSE
BKT,NYSE
BKTI,NYSE
BKU,NYSE
BKV,NYSE
BLCO,NYSE
BLD,NYSE
BLDR,NYSE
BLE,NYSE
BLK,NYSE
BLND,NYSE
BLW,NYSE
BLX,NYSE
BMA,NYSE
BME,NYSE
BMEZ,NYSE
BMI,NYSE
BMN,NYSE
BMO,NYSE
BMY,NYSE
BN,NYSE
BNED,NYSE
BNL,NYSE
BNS,NYSE
BNT,NYSE
BNY,NYSE
BOC,NYSE
BODI,NYSE
BOE,NYSE
BOH,NYSE
BOOT,NYSE
BORR,NYSE
BOW,NYSE
BOX,NYSE
BP,NYSE
BPT,NYSE
BQ,NYSE
BR,NYSE
BRBR,NYSE
BRBS,NYSE
BRC,NYSE
BRCC,NYSE
BRDG,NYSE
BRFS,NYSE
BRIA,NYSE
BRK.A,NYSE
BRK.B,NYSE
BRN,NYSE
BRO,NYSE
BROS,NYSE
BRSP,NYSE
BRT,NYSE
BRW,NYSE
BRX,NYSE
BSAC,NYSE
BSBR,NYSE
BSL,NYSE
BSM,NYSE
BST,NYSE
BSTZ,NYSE
BSX,NYSE
BTA,NYSE
BTCM,NYSE
BTE,NYSE
BTG,NYSE
BTI,NYSE
BTO,NYSE
BTT,NYSE
BTTR,NYSE
BTU,NYSE
BTX,NYSE
BTZ,NYSE
BUD,NYSE
BUI,NYSE
BUR,NYSE
BURL,NYSE
BURU,NYSE
BV,NYSE
BVN,NYSE
BW,NYSE
BWA,NYSE
BWG,NYSE
BWLP,NYSE
BWMX,NYSE
BWXT,NYSE
BX,NYSE
BXC,NYSE
BXMT,NYSE
BXMX,NYSE
BXP,NYSE
BXSL,NYSE
BY,NYSE
BYD,NYSE
BYM,NYSE
BYON,NYSE
BZH,NYSE
C,NYSE
CAAP,NYSE
CABO,NYSE
CACI,NYSE
CADE,NYSE
CADE$A,NYSE
CAE,NYSE
CAF,NYSE
CAG,NYSE
CAH,NYSE
CAL,NYSE
CALX,NYSE
CANF,NYSE
CANG,NYSE
CAPL,NYSE
CARR,NYSE
CARS,NYSE
CAT,NYSE
CATO,NYSE
CATX,NYSE
CAVA,NYSE
CB,NYSE
CBAN,NYSE
CBL,NYSE
CBNA,NYSE
CBO,NYSE
CBOE,NYSE
CBRE,NYSE
CBT,NYSE
CBU,NYSE
CBX,NYSE
CBZ,NYSE
CC,NYSE
CCEL,NYSE
CCI,NYSE
CCIF,NYSE
CCJ,NYSE
CCK,NYSE
CCL,NYSE
CCM,NYSE
CCO,NYSE
CCRD,NYSE
CCS,NYSE
CCU,NYSE
CCZ,NYSE
CDE,NYSE
CDLR,NYSE
CDP,NYSE
CDRE,NYSE
CE,NYSE
CEE,NYSE
CELG.R,NYSE
CEPU,NYSE
CET,NYSE
CEV,NYSE
CF,NYSE
CFG,NYSE
CFR,NYSE
CGAU,NYSE
CHCT,NYSE
CHD,NYSE
CHE,NYSE
CHEB,NYSE
CHGG,NYSE
CHH,NYSE
CHMI,NYSE
CHN,NYSE
CHPT,NYSE
CHRO,NYSE
CHT,NYSE
CHWY,NYSE
CI,NYSE
CIA,NYSE
CIB,NYSE
CIEN,NYSE
CIF,NYSE
CIG,NYSE
CIG.C,NYSE
CII,NYSE
CIK,NYSE
CIM,NYSE
CINT,NYSE
CIO,NYSE
CION,NYSE
CIVI,NYSE
CIX,NYSE
CKX,NYSE
CL,NYSE
CLB,NYSE
CLBR,NYSE
CLCO,NYSE
CLDI,NYSE
CLDT,NYSE
CLF,NYSE
CLH,NYSE
CLM,NYSE
CLPR,NYSE
CLS,NYSE
CLVT,NYSE
CLW,NYSE
CLX,NYSE
CM,NYSE
CMA,NYSE
CMBT,NYSE
CMC,NYSE
CMCL,NYSE
CMCM,NYSE
CMG,NYSE
CMI,NYSE
CMP,NYSE
CMRE,NYSE
CMS,NYSE
CMT,NYSE
CMTG,NYSE
CMU,NYSE
CNA,NYSE
CNC,NYSE
CNF,NYSE
CNH,NYSE
CNI,NYSE
CNK,NYSE
CNL,NYSE
CNM,NYSE
CNMD,NYSE
CNNE,NYSE
CNO,NYSE
CNP,NYSE
CNQ,NYSE
CNR,NYSE
CNS,NYSE
CNX,NYSE
CODI,NYSE
COE,NYSE
COF,NYSE
COHN,NYSE
COHR,NYSE
COLD,NYSE
COMP,NYSE
CON,NYSE
COOK,NYSE
COP,NYSE
COR,NYSE
COTY,NYSE
COUR,NYSE
CP,NYSE
CPA,NYSE
CPAC,NYSE
CPAY,NYSE
CPF,NYSE
CPHI,NYSE
CPK,NYSE
CPNG,NYSE
CPRI,NYSE
CPS,NYSE
CPT,NYSE
CQP,NYSE
CR,NYSE
CRBG,NYSE
CRC,NYSE
CRD.A,NYSE
CRD.B,NYSE
CRF,NYSE
CRGY,NYSE
CRH,NYSE
CRI,NYSE
CRK,NYSE
CRL,NYSE
CRM,NYSE
CRS,NYSE
CRT,NYSE
CSAN,NYSE
CSL,NYSE
CSR,NYSE
CSTM,NYSE
CSV,NYSE
CTEST,NYSE
CTEST.E,NYSE
CTEST.G,NYSE
CTEST.L,NYSE
CTEST.O,NYSE
CTEST.S,NYSE
CTEST.V,NYSE
CTEV,NYSE
CTGO,NYSE
CTM,NYSE
CTO,NYSE
CTOS,NYSE
CTRA,NYSE
CTRE,NYSE
CTRI,NYSE
CTS,NYSE
CTVA,NYSE
CUBE,NYSE
CUBI,NYSE
CUK,NYSE
CULP,NYSE
CURB,NYSE
CURV,NYSE
CUZ,NYSE
CVE,NYSE
CVEO,NYSE
CVI,NYSE
CVLG,NYSE
CVM,NYSE
CVNA,NYSE
CVR,NYSE
CVS,NYSE
CVU,NYSE
CVX,NYSE
CW,NYSE
CWAN,NYSE
CWEN,NYSE
CWEN.A,NYSE
CWH,NYSE
CWK,NYSE
CWT,NYSE
CX,NYSE
CXE,NYSE
CXH,NYSE
CXM,NYSE
CXT,NYSE
CXW,NYSE
CYBN,NYSE
CYD,NYSE
CYH,NYSE
D,NYSE
DAC,NYSE
DAL,NYSE
DAN,NYSE
DAO,NYSE
DAR,NYSE
DAVA,NYSE
DAY,NYSE
DB,NYSE
DBD,NYSE
DBI,NYSE
DBL,NYSE
DBRG,NYSE
DBRG$H,NYSE
DBRG$I,NYSE
DBRG$J,NYSE
DC,NYSE
DCI,NYSE
DCO,NYSE
DD,NYSE
DDC,NYSE
DDD,NYSE
DDL,NYSE
DDS,NYSE
DDT,NYSE
DE,NYSE
DEA,NYSE
DEC,NYSE
DECK,NYSE
DEI,NYSE
DELL,NYSE
DEO,NYSE
DESP,NYSE
DFH,NYSE
DFIN,NYSE
DFS,NYSE
DG,NYSE
DGP,NYSE
DGX,NYSE
DGZ,NYSE
DHF,NYSE
DHI,NYSE
DHR,NYSE
DHT,NYSE
DHX,NYSE
DIAX,NYSE
DIN,NYSE
DINO,NYSE
DIS,NYSE
DIT,NYSE
DJP,NYSE
DK,NYSE
DKL,NYSE
DKS,NYSE
DLB,NYSE
DLNG,NYSE
DLR,NYSE
DLX,NYSE
DLY,NYSE
DMA,NYSE
DMF,NYSE
DMO,NYSE
DMYY,NYSE
DNA,NYSE
DNB,NYSE
DNN,NYSE
DNOW,NYSE
DNP,NYSE
DOC,NYSE
DOCN,NYSE
DOCS,NYSE
DOLE,NYSE
DOUG,NYSE
DOV,NYSE
DOW,NYSE
DPG,NYSE
DQ,NYSE
DRD,NYSE
DRH,NYSE
DRI,NYSE
DSL,NYSE
DSS,NYSE
DSU,NYSE
DSX,NYSE
DT,NYSE
DTC,NYSE
DTE,NYSE
DTF,NYSE
DTM,NYSE
DUK,NYSE
DV,NYSE
DVA,NYSE
DVN,NYSE
DX,NYSE
DXC,NYSE
DXF,NYSE
DXYZ,NYSE
DY,NYSE
DZZ,NYSE
E,NYSE
EAD,NYSE
EAF,NYSE
EARN,NYSE
EAT,NYSE
EB,NYSE
EBF,NYSE
EBR,NYSE
EBR.B,NYSE
EBS,NYSE
EC,NYSE
ECAT,NYSE
ECC,NYSE
ECF,NYSE
ECG,NYSE
ECL,NYSE
ECO,NYSE
ECVT,NYSE
ED,NYSE
EDD,NYSE
EDF,NYSE
EDN,NYSE
EDU,NYSE
EE,NYSE
EEA,NYSE
EEX,NYSE
EFC,NYSE
EFR,NYSE
EFSH,NYSE
EFT,NYSE
EFX,NYSE
EFXT,NYSE
EG,NYSE
EGO,NYSE
EGP,NYSE
EGY,NYSE
EHAB,NYSE
EHC,NYSE
EHI,NYSE
EIC,NYSE
EIG,NYSE
EIX,NYSE
EL,NYSE
ELA,NYSE
ELAN,NYSE
ELF,NYSE
ELLO,NYSE
ELMD,NYSE
ELME,NYSE
ELPC,NYSE
ELS,NYSE
ELV,NYSE
EMD,NYSE
EME,NYSE
EMF,NYSE
EMN,NYSE
EMO,NYSE
EMR,NYSE
EMX,NYSE
ENB,NYSE
ENFN,NYSE
ENFY,NYSE
ENIC,NYSE
ENOV,NYSE
ENR,NYSE
ENS,NYSE
ENVA,NYSE
ENZ,NYSE
EOD,NYSE
EOG,NYSE
EOI,NYSE
EONR,NYSE
EOS,NYSE
EOT,NYSE
EP,NYSE
EPAC,NYSE
EPAM,NYSE
EPC,NYSE
EPD,NYSE
EPM,NYSE
EPR,NYSE
EPR$E,NYSE
EPRT,NYSE
EQBK,NYSE
EQC,NYSE
EQH,NYSE
EQH$A,NYSE
EQNR,NYSE
EQR,NYSE
EQS,NYSE
EQT,NYSE
EQV,NYSE
EQX,NYSE
ERC,NYSE
ERH,NYSE
ERJ,NYSE
ERO,NYSE
ES,NYSE
ESAB,NYSE
ESBA,NYSE
ESE,NYSE
ESI,NYSE
ESNT,NYSE
ESP,NYSE
ESRT,NYSE
ESS,NYSE
ESTC,NYSE
ET,NYSE
ETB,NYSE
ETD,NYSE
ETG,NYSE
ETJ,NYSE
ETN,NYSE
ETO,NYSE
ETR,NYSE
ETV,NYSE
ETW,NYSE
ETWO,NYSE
ETX,NYSE
ETY,NYSE
EVBN,NYSE
EVC,NYSE
EVEX,NYSE
EVF,NYSE
EVG,NYSE
EVH,NYSE
EVI,NYSE
EVN,NYSE
EVR,NYSE
EVRI,NYSE
EVT,NYSE
EVTC,NYSE
EVTL,NYSE
EVV,NYSE
EW,NYSE
EXG,NYSE
EXK,NYSE
EXOD,NYSE
EXP,NYSE
EXPD,NYSE
EXR,NYSE
F,NYSE
FAF,NYSE
FAX,NYSE
FBIN,NYSE
FBK,NYSE
FBP,NYSE
FBRT,NYSE
FC,NYSE
FCF,NYSE
FCN,NYSE
FCO,NYSE
FCPT,NYSE
FCT,NYSE
FCX,NYSE
FDP,NYSE
FDS,NYSE
FDX,NYSE
FE,NYSE
FEDU,NYSE
FENG,NYSE
FERG,NYSE
FET,NYSE
FF,NYSE
FFA,NYSE
FFWM,NYSE
FG,NYSE
FGB,NYSE
FHI,NYSE
FHN,NYSE
FI,NYSE
FICO,NYSE
FIGS,NYSE
FIHL,NYSE
FINS,NYSE
FINV,NYSE
FIS,NYSE
FISK,NYSE
FIX,NYSE
FL,NYSE
FLC,NYSE
FLG,NYSE
FLNG,NYSE
FLO,NYSE
FLOC,NYSE
FLR,NYSE
FLS,NYSE
FLUT,NYSE
FLYX,NYSE
FMC,NYSE
FMN,NYSE
FMS,NYSE
FMX,NYSE
FMY,NYSE
FN,NYSE
FNA,NYSE
FNB,NYSE
FND,NYSE
FNF,NYSE
FNGA,NYSE
FNGD,NYSE
FNGO,NYSE
FNV,NYSE
FOA,NYSE
FOF,NYSE
FOR,NYSE
FOUR,NYSE
FOXO,NYSE
FPH,NYSE
FPI,NYSE
FR,NYSE
FRA,NYSE
FRD,NYSE
FRGE,NYSE
FRO,NYSE
FRT,NYSE
FSCO,NYSE
FSI,NYSE
FSK,NYSE
FSLY,NYSE
FSM,NYSE
FSP,NYSE
FSS,NYSE
FT,NYSE
FTF,NYSE
FTHY,NYSE
FTI,NYSE
FTK,NYSE
FTS,NYSE
FTV,NYSE
FUBO,NYSE
FUL,NYSE
FUN,NYSE
FURY,NYSE
FVR,NYSE
FVRR,NYSE
G,NYSE
GAB,NYSE
GAB$H,NYSE
GAM,NYSE
GAP,NYSE
GATX,NYSE
GAU,NYSE
GB,NYSE
GBCI,NYSE
GBLI,NYSE
GBR,NYSE
GBTG,NYSE
GBX,NYSE
GCI,NYSE
GCO,NYSE
GCTS,NYSE
GCV,NYSE
GD,NYSE
GDDY,NYSE
GDL,NYSE
GDO,NYSE
GDOT,NYSE
GDV,NYSE
GE,NYSE
GEF,NYSE
GEF.B,NYSE
GEL,NYSE
GENC,NYSE
GENI,NYSE
GEO,NYSE
GES,NYSE
GETY,NYSE
GEV,NYSE
GF,NYSE
GFF,NYSE
GFI,NYSE
GFL,NYSE
GFR,NYSE
GGB,NYSE
GGG,NYSE
GGN,NYSE
GGT,NYSE
GGZ,NYSE
GHC,NYSE
GHG,NYSE
GHI,NYSE
GHLD,NYSE
GHM,NYSE
GHY,NYSE
GIB,NYSE
GIC,NYSE
GIL,NYSE
GIS,NYSE
GJH,NYSE
GJO,NYSE
GJP,NYSE
GJR,NYSE
GJS,NYSE
GJT,NYSE
GKOS,NYSE
GL,NYSE
GLDG,NYSE
GLO,NYSE
GLOB,NYSE
GLP,NYSE
GLQ,NYSE
GLU,NYSE
GLV,NYSE
GLW,NYSE
GM,NYSE
GME,NYSE
GMED,NYSE
GMRE,NYSE
GMS,NYSE
GNE,NYSE
GNK,NYSE
GNL,NYSE
GNRC,NYSE
GNS,NYSE
GNT,NYSE
GNTY,NYSE
GNW,NYSE
GOF,NYSE
GOLD,NYSE
GOLF,NYSE
GOOS,NYSE
GORO,NYSE
GOTU,NYSE
GPC,NYSE
GPI,NYSE
GPK,NYSE
GPMT,NYSE
GPN,NYSE
GPOR,NYSE
GPRK,NYSE
GPUS,NYSE
GRAF,NYSE
GRBK,NYSE
GRC,NYSE
GRDN,NYSE
GRF,NYSE
GRFX,NYSE
GRMN,NYSE
GRND,NYSE
GRNT,NYSE
GRO,NYSE
GROV,NYSE
GROY,NYSE
GRP.U,NYSE
GRX,NYSE
GS,NYSE
GS$D,NYSE
GSBD,NYSE
GSK,NYSE
GSL,NYSE
GTE,NYSE
GTES,NYSE
GTLS,NYSE
GTN,NYSE
GTN.A,NYSE
GTY,NYSE
GUG,NYSE
GUT,NYSE
GVA,NYSE
GWH,NYSE
GWRE,NYSE
GWW,NYSE
GXO,NYSE
H,NYSE
HAE,NYSE
HAFN,NYSE
HAL,NYSE
HASI,NYSE
HAYW,NYSE
HBB,NYSE
HBI,NYSE
HBM,NYSE
HCA,NYSE
HCC,NYSE
HCI,NYSE
HCWC,NYSE
HD,NYSE
HDB,NYSE
HE,NYSE
HEI,NYSE
HEI.A,NYSE
HEQ,NYSE
HES,NYSE
HESM,NYSE
HFRO,NYSE
HG,NYSE
HGLB,NYSE
HGTY,NYSE
HGV,NYSE
HHH,NYSE
HI,NYSE
HIG,NYSE
HII,NYSE
HIMS,NYSE
HIO,NYSE
HIPO,NYSE
HIW,NYSE
HIX,NYSE
HKD,NYSE
HL,NYSE
HLF,NYSE
HLI,NYSE
HLIO,NYSE
HLLY,NYSE
HLN,NYSE
HLT,NYSE
HLX,NYSE
HMC,NYSE
HMN,NYSE
HMY,NYSE
HNI,NYSE
HNW,NYSE
HOG,NYSE
HOMB,NYSE
HOUS,NYSE
HOV,NYSE
HP,NYSE
HPE,NYSE
HPF,NYSE
HPP,NYSE
HPQ,NYSE
HQH,NYSE
HQL,NYSE
HR,NYSE
HRB,NYSE
HRI,NYSE
HRL,NYSE
HRTG,NYSE
HSBC,NYSE
HSHP,NYSE
HSY,NYSE
HTB,NYSE
HTD,NYSE
HTGC,NYSE
HTH,NYSE
HUBB,NYSE
HUBS,NYSE
HUM,NYSE
HUN,NYSE
HUSA,NYSE
HUYA,NYSE
HVT,NYSE
HVT.A,NYSE
HWM,NYSE
HXL,NYSE
HY,NYSE
HYAC,NYSE
HYI,NYSE
HYLN,NYSE
HYT,NYSE
HZO,NYSE
IAE,NYSE
IAF,NYSE
IAG,NYSE
IAUX,NYSE
IBM,NYSE
IBN,NYSE
IBO,NYSE
IBP,NYSE
IBTA,NYSE
ICE,NYSE
ICL,NYSE
IDA,NYSE
IDE,NYSE
IDR,NYSE
IDT,NYSE
IE,NYSE
IEX,NYSE
IFF,NYSE
IFN,NYSE
IFS,NYSE
IGA,NYSE
IGC,NYSE
IGD,NYSE
IGI,NYSE
IGR,NYSE
IGT,NYSE
IGZ,NYSE
IH,NYSE
IHD,NYSE
IHG,NYSE
IHS,NYSE
IHT,NYSE
IIF,NYSE
IIIN,NYSE
IIM,NYSE
IIPR,NYSE
IMAX,NYSE
IMO,NYSE
INDO,NYSE
INFA,NYSE
INFU,NYSE
INFY,NYSE
ING,NYSE
INGM,NYSE
INGR,NYSE
INLX,NYSE
INN,NYSE
INR,NYSE
INSP,NYSE
INSW,NYSE
INTT,NYSE
INUV,NYSE
INVH,NYSE
INVX,NYSE
IONQ,NYSE
IOR,NYSE
IOT,NYSE
IP,NYSE
IPG,NYSE
IPI,NYSE
IQI,NYSE
IQV,NYSE
IR,NYSE
IRM,NYSE
IRS,NYSE
IRT,NYSE
IT,NYSE
ITGR,NYSE
ITP,NYSE
ITRG,NYSE
ITT,NYSE
ITW,NYSE
IVR,NYSE
IVT,NYSE
IVZ,NYSE
IX,NYSE
J,NYSE
JACS,NYSE
JACS.R,NYSE
JACS.U,NYSE
JBGS,NYSE
JBI,NYSE
JBK,NYSE
JBL,NYSE
JBTM,NYSE
JCE,NYSE
JCI,NYSE
JEF,NYSE
JELD,NYSE
JEQ,NYSE
JFR,NYSE
JGH,NYSE
JHG,NYSE
JHI,NYSE
JHS,NYSE
JHX,NYSE
JILL,NYSE
JKS,NYSE
JLL,NYSE
JLS,NYSE
JMIA,NYSE
JMM,NYSE
JNJ,NYSE
JNPR,NYSE
JOB,NYSE
JOBY,NYSE
JOE,NYSE
JOF,NYSE
JPM,NYSE
JQC,NYSE
JQC.R,NYSE
JRI,NYSE
JRS,NYSE
JWN,NYSE
JXN,NYSE
K,NYSE
KAI,NYSE
KAPA,NYSE
KAR,NYSE
KB,NYSE
KBDC,NYSE
KBH,NYSE
KBR,NYSE
KD,NYSE
KEN,NYSE
KEP,NYSE
KEX,NYSE
KEY,NYSE
KEYS,NYSE
KF,NYSE
KFRC,NYSE
KFS,NYSE
KFY,NYSE
KGC,NYSE
KGS,NYSE
KIM,NYSE
KIND,NYSE
KIO,NYSE
KKR,NYSE
KLC,NYSE
KLG,NYSE
KMB,NYSE
KMI,NYSE
KMPR,NYSE
KMT,NYSE
KMX,NYSE
KN,NYSE
KNF,NYSE
KNOP,NYSE
KNSL,NYSE
KNTK,NYSE
KNW,NYSE
KNX,NYSE
KO,NYSE
KODK,NYSE
KOF,NYSE
KOP,NYSE
KORE,NYSE
KOS,NYSE
KR,NYSE
KRC,NYSE
KREF,NYSE
KRG,NYSE
KRMN,NYSE
KRO,NYSE
KRP,NYSE
KSS,NYSE
KT,NYSE
KTB,NYSE
KTF,NYSE
KTN,NYSE
KUKE,NYSE
KULR,NYSE
KVUE,NYSE
KVYO,NYSE
KW,NYSE
KWR,NYSE
KYN,NYSE
L,NYSE
LAC,NYSE
LAD,NYSE
LADR,NYSE
LANV,NYSE
LAR,NYSE
LAW,NYSE
LAZ,NYSE
LB,NYSE
LBRT,NYSE
LC,NYSE
LCII,NYSE
LCTX,NYSE
LDI,NYSE
LDOS,NYSE
LEA,NYSE
LEG,NYSE
LEGT,NYSE
LEN,NYSE
LEN.B,NYSE
LEO,NYSE
LEU,NYSE
LEVI,NYSE
LFT,NYSE
LGCY,NYSE
LGF.A,NYSE
LGF.B,NYSE
LGI,NYSE
LGL,NYSE
LGPS,NYSE
LH,NYSE
LHX,NYSE
LII,NYSE
LITB,NYSE
LLY,NYSE
LMND,NYSE
LMT,NYSE
LNC,NYSE
LND,NYSE
LNG,NYSE
LNN,NYSE
LOAR,NYSE
LOB,NYSE
LOCL,NYSE
LODE,NYSE
LOMA,NYSE
LOW,NYSE
LPA,NYSE
LPG,NYSE
LPL,NYSE
LPX,NYSE
LRN,NYSE
LSF,NYSE
LSPD,NYSE
LTC,NYSE
LTH,NYSE
LTM,NYSE
LU,NYSE
LUCK,NYSE
LUD,NYSE
LUMN,NYSE
LUV,NYSE
LVS,NYSE
LVWR,NYSE
LW,NYSE
LXFR,NYSE
LXP,NYSE
LXU,NYSE
LYB,NYSE
LYG,NYSE
LYV,NYSE
LZB,NYSE
LZM,NYSE
M,NYSE
MA,NYSE
MAA,NYSE
MAC,NYSE
MAG,NYSE
MAGN,NYSE
MAIA,NYSE
MAIN,NYSE
MAN,NYSE
MANU,NYSE
MAS,NYSE
MATV,NYSE
MATX,NYSE
MAV,NYSE
MAX,NYSE
MBC,NYSE
MBI,NYSE
MC,NYSE
MCB,NYSE
MCD,NYSE
MCI,NYSE
MCK,NYSE
MCN,NYSE
MCO,NYSE
MCR,NYSE
MCRP,NYSE
MCS,NYSE
MCY,NYSE
MD,NYSE
MDT,NYSE
MDU,NYSE
MDV,NYSE
MEC,NYSE
MED,NYSE
MEG,NYSE
MEGI,NYSE
MEI,NYSE
MET,NYSE
MET$E,NYSE
MFA,NYSE
MFC,NYSE
MFG,NYSE
MFM,NYSE
MG,NYSE
MGA,NYSE
MGF,NYSE
MGLD,NYSE
MGM,NYSE
MGY,NYSE
MHD,NYSE
MHF,NYSE
MHH,NYSE
MHI,NYSE
MHK,NYSE
MHN,NYSE
MHO,NYSE
MI,NYSE
MIN,NYSE
MIO,NYSE
MIR,NYSE
MITQ,NYSE
MITT,NYSE
MIY,NYSE
MKC,NYSE
MKC.V,NYSE
MKFG,NYSE
MKL,NYSE
ML,NYSE
MLI,NYSE
MLM,NYSE
MLNK,NYSE
MLP,NYSE
MLPB,NYSE
MLR,NYSE
MLSS,NYSE
MMA,NYSE
MMC,NYSE
MMD,NYSE
MMI,NYSE
MMM,NYSE
MMS,NYSE
MMT,NYSE
MMU,NYSE
MNR,NYSE
MNSO,NYSE
MO,NYSE
MOD,NYSE
MODG,NYSE
MOG.A,NYSE
MOG.B,NYSE
MOGU,NYSE
MOH,NYSE
MOS,NYSE
MOV,NYSE
MP,NYSE
MPA,NYSE
MPC,NYSE
MPLX,NYSE
MPTI,NYSE
MPU,NYSE
MPV,NYSE
MPW,NYSE
MPX,NYSE
MQT,NYSE
MQY,NYSE
MRC,NYSE
MRK,NYSE
MRP,NYSE
MRT,NYSE
MS,NYSE
MS$A,NYSE
MS$F,NYSE
MSA,NYSE
MSB,NYSE
MSC,NYSE
MSCI,NYSE
MSD,NYSE
MSDL,NYSE
MSGE,NYSE
MSGS,NYSE
MSI,NYSE
MSIF,NYSE
MSM,NYSE
MSN,NYSE
MT,NYSE
MTA,NYSE
MTAL,NYSE
MTB,NYSE
MTD,NYSE
MTDR,NYSE
MTG,NYSE
MTH,NYSE
MTN,NYSE
MTNB,NYSE
MTR,NYSE
MTRN,NYSE
MTUS,NYSE
MTW,NYSE
MTX,NYSE
MTZ,NYSE
MUA,NYSE
MUC,NYSE
MUE,NYSE
MUFG,NYSE
MUJ,NYSE
MUR,NYSE
MUSA,NYSE
MUX,NYSE
MVF,NYSE
MVO,NYSE
MVT,NYSE
MWA,NYSE
MWG,NYSE
MX,NYSE
MXC,NYSE
MXE,NYSE
MXF,NYSE
MYD,NYSE
MYE,NYSE
MYI,NYSE
MYN,NYSE
MYND,NYSE
MYO,NYSE
MYTE,NYSE
NABL,NYSE
NAC,NYSE
NAD,NYSE
NAK,NYSE
NAN,NYSE
NAT,NYSE
NATL,NYSE
NAZ,NYSE
NBB,NYSE
NBH,NYSE
NBHC,NYSE
NBR,NYSE
NBXG,NYSE
NBY,NYSE
NC,NYSE
NCA,NYSE
NCDL,NYSE
NCL,NYSE
NCLH,NYSE
NCV,NYSE
NCZ,NYSE
NDMO,NYSE
NE,NYSE
NEA,NYSE
NEE,NYSE
NEE$R,NYSE
NEE$S,NYSE
NEE$T,NYSE
NEM,NYSE
NEN,NYSE
NET,NYSE
NEU,NYSE
NEUE,NYSE
NEWP,NYSE
NEXA,NYSE
NFG,NYSE
NFGC,NYSE
NFJ,NYSE
NG,NYSE
NGD,NYSE
NGG,NYSE
NGL,NYSE
NGS,NYSE
NGVC,NYSE
NGVT,NYSE
NHC,NYSE
NHI,NYSE
NHS,NYSE
NI,NYSE
NIC,NYSE
NIE,NYSE
NIM,NYSE
NINE,NYSE
NIO,NYSE
NJR,NYSE
NKE,NYSE
NKX,NYSE
NL,NYSE
NLOP,NYSE
NLY,NYSE
NLY$F,NYSE
NMAI,NYSE
NMAX,NYSE
NMCO,NYSE
NMG,NYSE
NMI,NYSE
NML,NYSE
NMM,NYSE
NMR,NYSE
NMS,NYSE
NMT,NYSE
NMZ,NYSE
NNI,NYSE
NNN,NYSE
NNVC,NYSE
NNY,NYSE
NOA,NYSE
NOAH,NYSE
NOC,NYSE
NOG,NYSE
NOK,NYSE
NOM,NYSE
NOMD,NYSE
NOV,NYSE
NOVA,NYSE
NOW,NYSE
NPB,NYSE
NPCT,NYSE
NPK,NYSE
NPKI,NYSE
NPO,NYSE
NPV,NYSE
NPWR,NYSE
NQP,NYSE
NRDY,NYSE
NREF,NYSE
NRG,NYSE
NRGV,NYSE
NRK,NYSE
NRO,NYSE
NRP,NYSE
NRT,NYSE
NRXS,NYSE
NSA,NYSE
NSC,NYSE
NSP,NYSE
NTB,NYSE
NTEST,NYSE
NTEST.A,NYSE
NTEST.B,NYSE
NTEST.C,NYSE
NTIP,NYSE
NTR,NYSE
NTST,NYSE
NTZ,NYSE
NU,NYSE
NUE,NYSE
NUS,NYSE
NUV,NYSE
NUVB,NYSE
NUW,NYSE
NVG,NYSE
NVGS,NYSE
NVO,NYSE
NVR,NYSE
NVRI,NYSE
NVRO,NYSE
NVS,NYSE
NVST,NYSE
NVT,NYSE
NWG,NYSE
NWN,NYSE
NX,NYSE
NXC,NYSE
NXDT,NYSE
NXE,NYSE
NXG,NYSE
NXJ,NYSE
NXN,NYSE
NXP,NYSE
NXRT,NYSE
NYC,NYSE
NYT,NYSE
NZF,NYSE
O,NYSE
OBDC,NYSE
OBE,NYSE
OBK,NYSE
OC,NYSE
OCFT,NYSE
ODC,NYSE
ODV,NYSE
OEC,NYSE
OFG,NYSE
OGCP,NYSE
OGE,NYSE
OGEN,NYSE
OGN,NYSE
OGS,NYSE
OHI,NYSE
OI,NYSE
OIA,NYSE
OII,NYSE
OIS,NYSE
OKE,NYSE
OKLO,NYSE
OLN,NYSE
OLO,NYSE
OLP,NYSE
OMC,NYSE
OMF,NYSE
OMI,NYSE
ONIT,NYSE
ONL,NYSE
ONON,NYSE
ONTF,NYSE
ONTO,NYSE
OOMA,NYSE
OPAD,NYSE
OPFI,NYSE
OPHC,NYSE
OPP,NYSE
OPTT,NYSE
OPY,NYSE
OR,NYSE
ORA,NYSE
ORC,NYSE
ORCL,NYSE
ORI,NYSE
ORLA,NYSE
ORN,NYSE
OSCR,NYSE
OSK,NYSE
OSTX,NYSE
OTIS,NYSE
OUT,NYSE
OVV,NYSE
OWL,NYSE
OWLT,NYSE
OXM,NYSE
OXY,NYSE
OZ,NYSE
PAAS,NYSE
PAC,NYSE
PACK,NYSE
PACS,NYSE
PAG,NYSE
PAGS,NYSE
PAI,NYSE
PAM,NYSE
PAPL,NYSE
PAR,NYSE
PARR,NYSE
PATH,NYSE
PAXS,NYSE
PAY,NYSE
PAYC,NYSE
PB,NYSE
PBA,NYSE
PBF,NYSE
PBH,NYSE
PBI,NYSE
PBR,NYSE
PBR.A,NYSE
PBT,NYSE
PCF,NYSE
PCG,NYSE
PCK,NYSE
PCM,NYSE
PCN,NYSE
PCOR,NYSE
PCQ,NYSE
PD,NYSE
PDCC,NYSE
PDI,NYSE
PDM,NYSE
PDO,NYSE
PDS,NYSE
PDT,NYSE
PDX,NYSE
PEB,NYSE
PED,NYSE
PEG,NYSE
PEN,NYSE
PEO,NYSE
PERF,NYSE
PFE,NYSE
PFGC,NYSE
PFL,NYSE
PFLT,NYSE
PFN,NYSE
PFS,NYSE
PFSI,NYSE
PG,NYSE
PGP,NYSE
PGR,NYSE
PGRE,NYSE
PGZ,NYSE
PH,NYSE
PHD,NYSE
PHG,NYSE
PHGE,NYSE
PHI,NYSE
PHIN,NYSE
PHK,NYSE
PHM,NYSE
PHR,NYSE
PHT,NYSE
PHX,NYSE
PII,NYSE
PIM,NYSE
PINE,NYSE
PINS,NYSE
PIPR,NYSE
PJT,NYSE
PK,NYSE
PKE,NYSE
PKG,NYSE
PKST,NYSE
PKX,NYSE
PL,NYSE
PLAG,NYSE
PLD,NYSE
PLG,NYSE
PLNT,NYSE
PLOW,NYSE
PLX,NYSE
PLYM,NYSE
PM,NYSE
PMF,NYSE
PML,NYSE
PMM,NYSE
PMNT,NYSE
PMO,NYSE
PMT,NYSE
PMX,NYSE
PNC,NYSE
PNF,NYSE
PNI,NYSE
PNNT,NYSE
PNR,NYSE
PNW,NYSE
POR,NYSE
POST,NYSE
PPG,NYSE
PPL,NYSE
PPT,NYSE
PR,NYSE
PRA,NYSE
PRG,NYSE
PRGO,NYSE
PRI,NYSE
PRIM,NYSE
PRK,NYSE
PRKS,NYSE
PRLB,NYSE
PRM,NYSE
PRMB,NYSE
PRO,NYSE
PRSU,NYSE
PRT,NYSE
PRU,NYSE
PSA,NYSE
PSBD,NYSE
PSFE,NYSE
PSN,NYSE
PSO,NYSE
PSQH,NYSE
PSTG,NYSE
PSTL,NYSE
PSX,NYSE
PTN,NYSE
PTY,NYSE
PUK,NYSE
PUMP,NYSE
PVH,NYSE
PVL,NYSE
PW,NYSE
PWR,NYSE
PX,NYSE
PYN,NYSE
PYT,NYSE
PZC,NYSE
PZG,NYSE
QBTS,NYSE
QD,NYSE
QGEN,NYSE
QS,NYSE
QSR,NYSE
QTWO,NYSE
QUAD,NYSE
QXO,NYSE
R,NYSE
RA,NYSE
RACE,NYSE
RAMP,NYSE
RBA,NYSE
RBC,NYSE
RBLX,NYSE
RBOT,NYSE
RBRK,NYSE
RC,NYSE
RCG,NYSE
RCI,NYSE
RCL,NYSE
RCS,NYSE
RCUS,NYSE
RDDT,NYSE
RDN,NYSE
RDW,NYSE
RDY,NYSE
REI,NYSE
RELX,NYSE
REPX,NYSE
RERE,NYSE
RES,NYSE
REVG,NYSE
REX,NYSE
REXR,NYSE
REZI,NYSE
RF,NYSE
RFI,NYSE
RFL,NYSE
RFM,NYSE
RFMZ,NYSE
RGA,NYSE
RGR,NYSE
RGT,NYSE
RH,NYSE
RHI,NYSE
RHP,NYSE
RIG,NYSE
RIO,NYSE
RITM,NYSE
RIV,NYSE
RJF,NYSE
RKT,NYSE
RL,NYSE
RLGT,NYSE
RLI,NYSE
RLJ,NYSE
RLTY,NYSE
RLX,NYSE
RM,NYSE
RMAX,NYSE
RMD,NYSE
RMI,NYSE
RMM,NYSE
RMMZ,NYSE
RMT,NYSE
RNG,NYSE
RNGR,NYSE
RNR,NYSE
RNST,NYSE
ROG,NYSE
ROK,NYSE
ROL,NYSE
ROLR,NYSE
RPM,NYSE
RPT,NYSE
RQI,NYSE
RRC,NYSE
RRX,NYSE
RS,NYSE
RSF,NYSE
RSG,NYSE
RSI,NYSE
RSKD,NYSE
RTO,NYSE
RTX,NYSE
RVLV,NYSE
RVP,NYSE
RVT,NYSE
RVTY,NYSE
RWT,NYSE
RXO,NYSE
RY,NYSE
RYAM,NYSE
RYAN,NYSE
RYDE,NYSE
RYI,NYSE
RYN,NYSE
S,NYSE
SA,NYSE
SABA,NYSE
SACH,NYSE
SAFE,NYSE
SAH,NYSE
SAM,NYSE
SAN,NYSE
SAND,NYSE
SAP,NYSE
SAR,NYSE
SARO,NYSE
SATX,NYSE
SB,NYSE
SBEV,NYSE
SBH,NYSE
SBI,NYSE
SBR,NYSE
SBS,NYSE
SBSI,NYSE
SBSW,NYSE
SBXD,NYSE
SCCO,NYSE
SCD,NYSE
SCE$L,NYSE
SCHW,NYSE
SCI,NYSE
SCL,NYSE
SCM,NYSE
SCPX,NYSE
SCS,NYSE
SD,NYSE
SDHC,NYSE
SDHY,NYSE
SDRL,NYSE
SE,NYSE
SEB,NYSE
SEE,NYSE
SEG,NYSE
SEI,NYSE
SEM,NYSE
SEMR,NYSE
SENS,NYSE
SER,NYSE
SES,NYSE
SF,NYSE
SFBS,NYSE
SFL,NYSE
SG,NYSE
SGHC,NYSE
SGI,NYSE
SGN,NYSE
SGU,NYSE
SHAK,NYSE
SHCO,NYSE
SHEL,NYSE
SHG,NYSE
SHO,NYSE
SHW,NYSE
SID,NYSE
SIF,NYSE
SIG,NYSE
SII,NYSE
SILA,NYSE
SIM,NYSE
SITC,NYSE
SITE,NYSE
SJM,NYSE
SJT,NYSE
SKE,NYSE
SKIL,NYSE
SKLZ,NYSE
SKM,NYSE
SKT,NYSE
SKX,NYSE
SKY,NYSE
SKYH,NYSE
SLB,NYSE
SLF,NYSE
SLG,NYSE
SLGN,NYSE
SLI,NYSE
SLND,NYSE
SLQT,NYSE
SLSR,NYSE
SLVM,NYSE
SM,NYSE
SMA,NYSE
SMBK,NYSE
SMC,NYSE
SMFG,NYSE
SMG,NYSE
SMHB,NYSE
SMHI,NYSE
SMP,NYSE
SMR,NYSE
SMRT,NYSE
SMWB,NYSE
SN,NYSE
SNA,NYSE
SNAP,NYSE
SNDA,NYSE
SNDR,NYSE
SNN,NYSE
SNOW,NYSE
SNV,NYSE
SNX,NYSE
SO,NYSE
SOAR,NYSE
SOBO,NYSE
SOC,NYSE
SOL,NYSE
SOLV,NYSE
SON,NYSE
SONY,NYSE
SOR,NYSE
SOS,NYSE
SOUL.U,NYSE
SPB,NYSE
SPCE,NYSE
SPE,NYSE
SPG,NYSE
SPGI,NYSE
SPH,NYSE
SPHR,NYSE
SPIR,NYSE
SPLP,NYSE
SPMC,NYSE
SPNT,NYSE
SPOT,NYSE
SPR,NYSE
SPRU,NYSE
SPXC,NYSE
SPXX,NYSE
SQM,NYSE
SQNS,NYSE
SR,NYSE
SRE,NYSE
SRFM,NYSE
SRG,NYSE
SRI,NYSE
SRL,NYSE
SRV,NYSE
SSB,NYSE
SSD,NYSE
SSL,NYSE
SST,NYSE
SSTK,NYSE
SSY,NYSE
ST,NYSE
STAG,NYSE
STC,NYSE
STE,NYSE
STEL,NYSE
STEM,NYSE
STEW,NYSE
STG,NYSE
STK,NYSE
STLA,NYSE
STM,NYSE
STN,NYSE
STNG,NYSE
STR,NYSE
STRW,NYSE
STT,NYSE
STT$G,NYSE
STVN,NYSE
STWD,NYSE
STXS,NYSE
STZ,NYSE
SU,NYSE
SUI,NYSE
SUN,NYSE
SUP,NYSE
SUPV,NYSE
SUZ,NYSE
SVM,NYSE
SVT,NYSE
SVV,NYSE
SW,NYSE
SWI,NYSE
SWK,NYSE
SWX,NYSE
SWZ,NYSE
SXC,NYSE
SXI,NYSE
SXT,NYSE
SYF,NYSE
SYK,NYSE
SYNX,NYSE
SYY,NYSE
T,NYSE
TAC,NYSE
TAK,NYSE
TAL,NYSE
TALO,NYSE
TAP,NYSE
TAP.A,NYSE
TBBB,NYSE
TBI,NYSE
TBN,NYSE
TCI,NYSE
TD,NYSE
TDC,NYSE
TDF,NYSE
TDG,NYSE
TDOC,NYSE
TDS,NYSE
TDW,NYSE
TDY,NYSE
TE,NYSE
TEAF,NYSE
TECK,NYSE
TEF,NYSE
TEI,NYSE
TEL,NYSE
TEN,NYSE
TEO,NYSE
TEVA,NYSE
TEX,NYSE
TFC,NYSE
TFC$I,NYSE
TFII,NYSE
TFPM,NYSE
TFX,NYSE
TG,NYSE
TGB,NYSE
TGI,NYSE
TGLS,NYSE
TGNA,NYSE
TGS,NYSE
TGT,NYSE
THC,NYSE
THG,NYSE
THM,NYSE
THO,NYSE
THQ,NYSE
THR,NYSE
THS,NYSE
THW,NYSE
TIC,NYSE
TIMB,NYSE
TISI,NYSE
TIXT,NYSE
TJX,NYSE
TK,NYSE
TKC,NYSE
TKO,NYSE
TKR,NYSE
TLK,NYSE
TLYS,NYSE
TM,NYSE
TME,NYSE
TMHC,NYSE
TMO,NYSE
TMP,NYSE
TMQ,NYSE
TNC,NYSE
TNET,NYSE
TNK,NYSE
TNL,NYSE
TOL,NYSE
TOON,NYSE
TOPP,NYSE
TOPS,NYSE
TOST,NYSE
TOVX,NYSE
TPB,NYSE
TPC,NYSE
TPET,NYSE
TPH,NYSE
TPL,NYSE
TPR,NYSE
TPVG,NYSE
TR,NYSE
TRAK,NYSE
TRC,NYSE
TREX,NYSE
TRGP,NYSE
TRN,NYSE
TRNO,NYSE
TROX,NYSE
TRP,NYSE
TRT,NYSE
TRTX,NYSE
TRU,NYSE
TRV,NYSE
TRX,NYSE
TS,NYSE
TSE,NYSE
TSI,NYSE
TSLX,NYSE
TSM,NYSE
TSN,NYSE
TSQ,NYSE
TT,NYSE
TTAM,NYSE
TTC,NYSE
TTE,NYSE
TTI,NYSE
TU,NYSE
TUYA,NYSE
TV,NYSE
TVC,NYSE
TVE,NYSE
TWI,NYSE
TWLO,NYSE
TWN,NYSE
TWO,NYSE
TX,NYSE
TXNM,NYSE
TXO,NYSE
TXT,NYSE
TY,NYSE
TYG,NYSE
TYL,NYSE
U,NYSE
UA,NYSE
UAA,NYSE
UAMY,NYSE
UAN,NYSE
UAVS,NYSE
UBER,NYSE
UBS,NYSE
UCB,NYSE
UCIB,NYSE
UDR,NYSE
UE,NYSE
UEC,NYSE
UFI,NYSE
UGI,NYSE
UGP,NYSE
UHAL,NYSE
UHAL.B,NYSE
UHS,NYSE
UHT,NYSE
UI,NYSE
UIS,NYSE
UL,NYSE
ULS,NYSE
UMAC,NYSE
UMC,NYSE
UMH,NYSE
UNF,NYSE
UNFI,NYSE
UNH,NYSE
UNM,NYSE
UNP,NYSE
UP,NYSE
UPS,NYSE
URG,NYSE
URI,NYSE
USA,NYSE
USAC,NYSE
USAS,NYSE
USB,NYSE
USB$A,NYSE
USB$H,NYSE
USFD,NYSE
USM,NYSE
USNA,NYSE
USPH,NYSE
UTF,NYSE
UTG,NYSE
UTI,NYSE
UTL,NYSE
UTZ,NYSE
UUU,NYSE
UUUU,NYSE
UVE,NYSE
UVV,NYSE
UWMC,NYSE
V,NYSE
VAC,NYSE
VAL,NYSE
VALE,NYSE
VATE,NYSE
VCV,NYSE
VEEV,NYSE
VEL,NYSE
VENU,NYSE
VET,NYSE
VFC,NYSE
VFL,NYSE
VG,NYSE
VGI,NYSE
VGM,NYSE
VGZ,NYSE
VHC,NYSE
VHI,NYSE
VICI,NYSE
VIK,NYSE
VIPS,NYSE
VIST,NYSE
VIV,NYSE
VKI,NYSE
VKQ,NYSE
VLN,NYSE
VLO,NYSE
VLRS,NYSE
VLT,NYSE
VLTO,NYSE
VMC,NYSE
VMI,NYSE
VMO,NYSE
VNCE,NYSE
VNO,NYSE
VNO$L,NYSE
VNRX,NYSE
VNT,NYSE
VOC,NYSE
VOYA,NYSE
VPG,NYSE
VPV,NYSE
VRE,NYSE
VRN,NYSE
VRT,NYSE
VRTS,NYSE
VSCO,NYSE
VSH,NYSE
VST,NYSE
VSTS,NYSE
VTAK,NYSE
VTEX,NYSE
VTLE,NYSE
VTMX,NYSE
VTN,NYSE
VTOL,NYSE
VTR,NYSE
VTS,NYSE
VVR,NYSE
VVV,NYSE
VVX,NYSE
VXX,NYSE
VXZ,NYSE
VYX,NYSE
VZ,NYSE
VZLA,NYSE
W,NYSE
WAB,NYSE
WAL,NYSE
WAT,NYSE
WBS,NYSE
WBX,NYSE
WCC,NYSE
WCN,NYSE
WD,NYSE
WDH,NYSE
WDI,NYSE
WDS,NYSE
WEAV,NYSE
WEC,NYSE
WELL,NYSE
WES,NYSE
WEX,NYSE
WF,NYSE
WFC,NYSE
WFG,NYSE
WGO,NYSE
WH,NYSE
WHD,NYSE
WHG,NYSE
WHR,NYSE
WIA,NYSE
WIT,NYSE
WIW,NYSE
WK,NYSE
WKC,NYSE
WLK,NYSE
WLKP,NYSE
WLY,NYSE
WLYB,NYSE
WM,NYSE
WMB,NYSE
WMK,NYSE
WMS,NYSE
WMT,NYSE
WNC,NYSE
WNS,NYSE
WOLF,NYSE
WOR,NYSE
WOW,NYSE
WPC,NYSE
WPM,NYSE
WPP,NYSE
WRB,NYSE
WRBY,NYSE
WRN,NYSE
WS,NYSE
WSM,NYSE
WSO,NYSE
WSO.B,NYSE
WSR,NYSE
WST,NYSE
WT,NYSE
WTI,NYSE
WTM,NYSE
WTRG,NYSE
WTS,NYSE
WTTR,NYSE
WU,NYSE
WWR,NYSE
WWW,NYSE
WY,NYSE
WYY,NYSE
X,NYSE
XFLT,NYSE
XHR,NYSE
XIFR,NYSE
XIN,NYSE
XOM,NYSE
XPER,NYSE
XPEV,NYSE
XPL,NYSE
XPO,NYSE
XPOF,NYSE
XPRO,NYSE
XTNT,NYSE
XYF,NYSE
XYL,NYSE
XYZ,NYSE
YALA,NYSE
YCBD,NYSE
YELP,NYSE
YETI,NYSE
YEXT,NYSE
YMM,NYSE
YOU,NYSE
YPF,NYSE
YRD,NYSE
YSG,NYSE
YUM,NYSE
YUMC,NYSE
ZBH,NYSE
ZBZX,NYSE
ZDGE,NYSE
ZEPP,NYSE
ZETA,NYSE
ZEXIT,NYSE
ZGN,NYSE
ZH,NYSE
ZIEXT,NYSE
ZIM,NYSE
ZIP,NYSE
ZK,NYSE
ZKH,NYSE
ZONE,NYSE
ZTEST,NYSE
ZTO,NYSE
ZTR,NYSE
ZTS,NYSE
ZVIA,NYSE
ZVV,NYSE
ZWS,NYSE
ZXIET,NYSE
